ISO-10303-21;
HEADER;
/* Generated by software containing ST-Developer
 * from STEP Tools, Inc. (www.steptools.com) 
 */
/* OPTION: using custom renumber hook */

FILE_DESCRIPTION(
/* description */ ('STEP AP214'),
/* implementation_level */ '2;1');

FILE_NAME(
/* name */ 'FJ-15-D-02.00-4',
/* time_stamp */ '2025-04-16T10:14:16+02:00',
/* author */ ('License CC BY-ND 4.0'),
/* organization */ ('CADENAS'),
/* preprocessor_version */ 'ST-DEVELOPER v19.3',
/* originating_system */ 'PARTsolutions',
/* authorisation */ '  ');

FILE_SCHEMA (('AUTOMOTIVE_DESIGN {1 0 10303 214 3 1 1}'));
ENDSEC;

DATA;
#10=PROPERTY_DEFINITION_REPRESENTATION(#14,#12);
#11=PROPERTY_DEFINITION_REPRESENTATION(#15,#13);
#12=REPRESENTATION('',(#16),#5987);
#13=REPRESENTATION('',(#17),#5987);
#14=PROPERTY_DEFINITION('pmi validation property','',#5999);
#15=PROPERTY_DEFINITION('pmi validation property','',#5999);
#16=VALUE_REPRESENTATION_ITEM('number of annotations',COUNT_MEASURE(0.));
#17=VALUE_REPRESENTATION_ITEM('number of views',COUNT_MEASURE(0.));
#18=CYLINDRICAL_SURFACE('',#4364,0.0120000000000003);
#19=CYLINDRICAL_SURFACE('',#4366,0.0120000000000004);
#20=CIRCLE('',#4356,0.0120000000000004);
#21=CIRCLE('',#4357,0.0120000000000003);
#22=CIRCLE('',#4359,0.0120000000000003);
#23=CIRCLE('',#4360,0.0120000000000004);
#24=CONTEXT_DEPENDENT_SHAPE_REPRESENTATION(#30,#6001);
#25=CONTEXT_DEPENDENT_SHAPE_REPRESENTATION(#31,#6003);
#26=CONTEXT_DEPENDENT_SHAPE_REPRESENTATION(#32,#6004);
#27=NEXT_ASSEMBLY_USAGE_OCCURRENCE('NAUO1','FJ-15-D-02.00-4_cable',
'FJ-15-D-02.00-4_cable',#6005,#6006,'');
#28=NEXT_ASSEMBLY_USAGE_OCCURRENCE('NAUO2','FJ-15-4_strip',
'FJ-15-4_strip',#6005,#6007,'');
#29=NEXT_ASSEMBLY_USAGE_OCCURRENCE('NAUO3','FJ-15-4_strip',
'FJ-15-4_strip',#6005,#6007,'');
#30=(
REPRESENTATION_RELATIONSHIP(' ',' ',#4192,#4191)
REPRESENTATION_RELATIONSHIP_WITH_TRANSFORMATION(#33)
SHAPE_REPRESENTATION_RELATIONSHIP()
);
#31=(
REPRESENTATION_RELATIONSHIP(' ',' ',#4193,#4191)
REPRESENTATION_RELATIONSHIP_WITH_TRANSFORMATION(#34)
SHAPE_REPRESENTATION_RELATIONSHIP()
);
#32=(
REPRESENTATION_RELATIONSHIP(' ',' ',#4193,#4191)
REPRESENTATION_RELATIONSHIP_WITH_TRANSFORMATION(#35)
SHAPE_REPRESENTATION_RELATIONSHIP()
);
#33=ITEM_DEFINED_TRANSFORMATION(' ',' ',#4194,#4351);
#34=ITEM_DEFINED_TRANSFORMATION(' ',' ',#4194,#4370);
#35=ITEM_DEFINED_TRANSFORMATION(' ',' ',#4194,#4371);
#36=SHAPE_REPRESENTATION_RELATIONSHIP('','',#4192,#38);
#37=SHAPE_REPRESENTATION_RELATIONSHIP('','',#4193,#39);
#38=ADVANCED_BREP_SHAPE_REPRESENTATION('',(#4186),#5988);
#39=ADVANCED_BREP_SHAPE_REPRESENTATION('',(#4187),#5989);
#40=ORIENTED_EDGE('',*,*,#856,.T.);
#41=ORIENTED_EDGE('',*,*,#857,.F.);
#42=ORIENTED_EDGE('',*,*,#858,.F.);
#43=ORIENTED_EDGE('',*,*,#859,.T.);
#44=ORIENTED_EDGE('',*,*,#860,.F.);
#45=ORIENTED_EDGE('',*,*,#861,.T.);
#46=ORIENTED_EDGE('',*,*,#862,.T.);
#47=ORIENTED_EDGE('',*,*,#863,.F.);
#48=ORIENTED_EDGE('',*,*,#864,.F.);
#49=ORIENTED_EDGE('',*,*,#865,.T.);
#50=ORIENTED_EDGE('',*,*,#866,.T.);
#51=ORIENTED_EDGE('',*,*,#867,.F.);
#52=ORIENTED_EDGE('',*,*,#868,.F.);
#53=ORIENTED_EDGE('',*,*,#869,.T.);
#54=ORIENTED_EDGE('',*,*,#870,.T.);
#55=ORIENTED_EDGE('',*,*,#871,.F.);
#56=ORIENTED_EDGE('',*,*,#872,.F.);
#57=ORIENTED_EDGE('',*,*,#873,.T.);
#58=ORIENTED_EDGE('',*,*,#874,.T.);
#59=ORIENTED_EDGE('',*,*,#875,.F.);
#60=ORIENTED_EDGE('',*,*,#876,.F.);
#61=ORIENTED_EDGE('',*,*,#877,.T.);
#62=ORIENTED_EDGE('',*,*,#878,.T.);
#63=ORIENTED_EDGE('',*,*,#879,.F.);
#64=ORIENTED_EDGE('',*,*,#880,.F.);
#65=ORIENTED_EDGE('',*,*,#881,.T.);
#66=ORIENTED_EDGE('',*,*,#882,.T.);
#67=ORIENTED_EDGE('',*,*,#883,.F.);
#68=ORIENTED_EDGE('',*,*,#884,.F.);
#69=ORIENTED_EDGE('',*,*,#885,.T.);
#70=ORIENTED_EDGE('',*,*,#886,.T.);
#71=ORIENTED_EDGE('',*,*,#887,.F.);
#72=ORIENTED_EDGE('',*,*,#888,.F.);
#73=ORIENTED_EDGE('',*,*,#889,.T.);
#74=ORIENTED_EDGE('',*,*,#890,.T.);
#75=ORIENTED_EDGE('',*,*,#891,.F.);
#76=ORIENTED_EDGE('',*,*,#892,.F.);
#77=ORIENTED_EDGE('',*,*,#893,.T.);
#78=ORIENTED_EDGE('',*,*,#894,.T.);
#79=ORIENTED_EDGE('',*,*,#895,.F.);
#80=ORIENTED_EDGE('',*,*,#896,.F.);
#81=ORIENTED_EDGE('',*,*,#897,.T.);
#82=ORIENTED_EDGE('',*,*,#898,.T.);
#83=ORIENTED_EDGE('',*,*,#899,.F.);
#84=ORIENTED_EDGE('',*,*,#900,.F.);
#85=ORIENTED_EDGE('',*,*,#901,.T.);
#86=ORIENTED_EDGE('',*,*,#902,.T.);
#87=ORIENTED_EDGE('',*,*,#903,.F.);
#88=ORIENTED_EDGE('',*,*,#904,.F.);
#89=ORIENTED_EDGE('',*,*,#905,.T.);
#90=ORIENTED_EDGE('',*,*,#906,.T.);
#91=ORIENTED_EDGE('',*,*,#907,.F.);
#92=ORIENTED_EDGE('',*,*,#908,.F.);
#93=ORIENTED_EDGE('',*,*,#909,.T.);
#94=ORIENTED_EDGE('',*,*,#910,.T.);
#95=ORIENTED_EDGE('',*,*,#911,.F.);
#96=ORIENTED_EDGE('',*,*,#912,.F.);
#97=ORIENTED_EDGE('',*,*,#913,.T.);
#98=ORIENTED_EDGE('',*,*,#914,.F.);
#99=ORIENTED_EDGE('',*,*,#915,.F.);
#100=ORIENTED_EDGE('',*,*,#916,.F.);
#101=ORIENTED_EDGE('',*,*,#917,.T.);
#102=ORIENTED_EDGE('',*,*,#918,.T.);
#103=ORIENTED_EDGE('',*,*,#919,.F.);
#104=ORIENTED_EDGE('',*,*,#920,.T.);
#105=ORIENTED_EDGE('',*,*,#921,.F.);
#106=ORIENTED_EDGE('',*,*,#922,.F.);
#107=ORIENTED_EDGE('',*,*,#857,.T.);
#108=ORIENTED_EDGE('',*,*,#923,.T.);
#109=ORIENTED_EDGE('',*,*,#924,.F.);
#110=ORIENTED_EDGE('',*,*,#925,.F.);
#111=ORIENTED_EDGE('',*,*,#921,.T.);
#112=ORIENTED_EDGE('',*,*,#926,.F.);
#113=ORIENTED_EDGE('',*,*,#927,.T.);
#114=ORIENTED_EDGE('',*,*,#928,.T.);
#115=ORIENTED_EDGE('',*,*,#929,.F.);
#116=ORIENTED_EDGE('',*,*,#930,.F.);
#117=ORIENTED_EDGE('',*,*,#931,.T.);
#118=ORIENTED_EDGE('',*,*,#932,.T.);
#119=ORIENTED_EDGE('',*,*,#933,.F.);
#120=ORIENTED_EDGE('',*,*,#934,.F.);
#121=ORIENTED_EDGE('',*,*,#935,.T.);
#122=ORIENTED_EDGE('',*,*,#936,.T.);
#123=ORIENTED_EDGE('',*,*,#937,.F.);
#124=ORIENTED_EDGE('',*,*,#938,.F.);
#125=ORIENTED_EDGE('',*,*,#939,.T.);
#126=ORIENTED_EDGE('',*,*,#940,.T.);
#127=ORIENTED_EDGE('',*,*,#941,.F.);
#128=ORIENTED_EDGE('',*,*,#942,.F.);
#129=ORIENTED_EDGE('',*,*,#943,.T.);
#130=ORIENTED_EDGE('',*,*,#944,.T.);
#131=ORIENTED_EDGE('',*,*,#945,.F.);
#132=ORIENTED_EDGE('',*,*,#946,.F.);
#133=ORIENTED_EDGE('',*,*,#947,.T.);
#134=ORIENTED_EDGE('',*,*,#948,.T.);
#135=ORIENTED_EDGE('',*,*,#949,.F.);
#136=ORIENTED_EDGE('',*,*,#950,.F.);
#137=ORIENTED_EDGE('',*,*,#951,.T.);
#138=ORIENTED_EDGE('',*,*,#952,.T.);
#139=ORIENTED_EDGE('',*,*,#953,.F.);
#140=ORIENTED_EDGE('',*,*,#954,.F.);
#141=ORIENTED_EDGE('',*,*,#955,.T.);
#142=ORIENTED_EDGE('',*,*,#956,.T.);
#143=ORIENTED_EDGE('',*,*,#957,.F.);
#144=ORIENTED_EDGE('',*,*,#958,.F.);
#145=ORIENTED_EDGE('',*,*,#959,.T.);
#146=ORIENTED_EDGE('',*,*,#960,.T.);
#147=ORIENTED_EDGE('',*,*,#961,.F.);
#148=ORIENTED_EDGE('',*,*,#962,.F.);
#149=ORIENTED_EDGE('',*,*,#963,.T.);
#150=ORIENTED_EDGE('',*,*,#964,.T.);
#151=ORIENTED_EDGE('',*,*,#965,.F.);
#152=ORIENTED_EDGE('',*,*,#966,.F.);
#153=ORIENTED_EDGE('',*,*,#967,.T.);
#154=ORIENTED_EDGE('',*,*,#968,.T.);
#155=ORIENTED_EDGE('',*,*,#969,.F.);
#156=ORIENTED_EDGE('',*,*,#970,.F.);
#157=ORIENTED_EDGE('',*,*,#971,.T.);
#158=ORIENTED_EDGE('',*,*,#972,.T.);
#159=ORIENTED_EDGE('',*,*,#973,.F.);
#160=ORIENTED_EDGE('',*,*,#974,.F.);
#161=ORIENTED_EDGE('',*,*,#975,.T.);
#162=ORIENTED_EDGE('',*,*,#976,.T.);
#163=ORIENTED_EDGE('',*,*,#977,.F.);
#164=ORIENTED_EDGE('',*,*,#978,.F.);
#165=ORIENTED_EDGE('',*,*,#979,.T.);
#166=ORIENTED_EDGE('',*,*,#980,.F.);
#167=ORIENTED_EDGE('',*,*,#981,.F.);
#168=ORIENTED_EDGE('',*,*,#982,.F.);
#169=ORIENTED_EDGE('',*,*,#983,.T.);
#170=ORIENTED_EDGE('',*,*,#984,.T.);
#171=ORIENTED_EDGE('',*,*,#985,.F.);
#172=ORIENTED_EDGE('',*,*,#986,.T.);
#173=ORIENTED_EDGE('',*,*,#859,.F.);
#174=ORIENTED_EDGE('',*,*,#987,.F.);
#175=ORIENTED_EDGE('',*,*,#924,.T.);
#176=ORIENTED_EDGE('',*,*,#858,.T.);
#177=ORIENTED_EDGE('',*,*,#922,.T.);
#178=ORIENTED_EDGE('',*,*,#925,.T.);
#179=ORIENTED_EDGE('',*,*,#987,.T.);
#180=ORIENTED_EDGE('',*,*,#856,.F.);
#181=ORIENTED_EDGE('',*,*,#986,.F.);
#182=ORIENTED_EDGE('',*,*,#923,.F.);
#183=ORIENTED_EDGE('',*,*,#920,.F.);
#184=ORIENTED_EDGE('',*,*,#988,.T.);
#185=ORIENTED_EDGE('',*,*,#989,.F.);
#186=ORIENTED_EDGE('',*,*,#990,.F.);
#187=ORIENTED_EDGE('',*,*,#991,.T.);
#188=ORIENTED_EDGE('',*,*,#979,.F.);
#189=ORIENTED_EDGE('',*,*,#992,.T.);
#190=ORIENTED_EDGE('',*,*,#990,.T.);
#191=ORIENTED_EDGE('',*,*,#993,.T.);
#192=ORIENTED_EDGE('',*,*,#994,.F.);
#193=ORIENTED_EDGE('',*,*,#981,.T.);
#194=ORIENTED_EDGE('',*,*,#995,.F.);
#195=ORIENTED_EDGE('',*,*,#988,.F.);
#196=ORIENTED_EDGE('',*,*,#994,.T.);
#197=ORIENTED_EDGE('',*,*,#991,.F.);
#198=ORIENTED_EDGE('',*,*,#992,.F.);
#199=ORIENTED_EDGE('',*,*,#978,.T.);
#200=ORIENTED_EDGE('',*,*,#995,.T.);
#201=ORIENTED_EDGE('',*,*,#980,.T.);
#202=ORIENTED_EDGE('',*,*,#993,.F.);
#203=ORIENTED_EDGE('',*,*,#989,.T.);
#204=ORIENTED_EDGE('',*,*,#996,.T.);
#205=ORIENTED_EDGE('',*,*,#997,.F.);
#206=ORIENTED_EDGE('',*,*,#998,.F.);
#207=ORIENTED_EDGE('',*,*,#999,.T.);
#208=ORIENTED_EDGE('',*,*,#975,.F.);
#209=ORIENTED_EDGE('',*,*,#1000,.T.);
#210=ORIENTED_EDGE('',*,*,#998,.T.);
#211=ORIENTED_EDGE('',*,*,#1001,.T.);
#212=ORIENTED_EDGE('',*,*,#1002,.F.);
#213=ORIENTED_EDGE('',*,*,#977,.T.);
#214=ORIENTED_EDGE('',*,*,#1003,.F.);
#215=ORIENTED_EDGE('',*,*,#996,.F.);
#216=ORIENTED_EDGE('',*,*,#1003,.T.);
#217=ORIENTED_EDGE('',*,*,#976,.F.);
#218=ORIENTED_EDGE('',*,*,#1001,.F.);
#219=ORIENTED_EDGE('',*,*,#997,.T.);
#220=ORIENTED_EDGE('',*,*,#1002,.T.);
#221=ORIENTED_EDGE('',*,*,#999,.F.);
#222=ORIENTED_EDGE('',*,*,#1000,.F.);
#223=ORIENTED_EDGE('',*,*,#974,.T.);
#224=ORIENTED_EDGE('',*,*,#1004,.T.);
#225=ORIENTED_EDGE('',*,*,#1005,.F.);
#226=ORIENTED_EDGE('',*,*,#1006,.F.);
#227=ORIENTED_EDGE('',*,*,#1007,.T.);
#228=ORIENTED_EDGE('',*,*,#971,.F.);
#229=ORIENTED_EDGE('',*,*,#1008,.T.);
#230=ORIENTED_EDGE('',*,*,#1006,.T.);
#231=ORIENTED_EDGE('',*,*,#1009,.T.);
#232=ORIENTED_EDGE('',*,*,#1010,.F.);
#233=ORIENTED_EDGE('',*,*,#973,.T.);
#234=ORIENTED_EDGE('',*,*,#1011,.F.);
#235=ORIENTED_EDGE('',*,*,#1004,.F.);
#236=ORIENTED_EDGE('',*,*,#1011,.T.);
#237=ORIENTED_EDGE('',*,*,#972,.F.);
#238=ORIENTED_EDGE('',*,*,#1009,.F.);
#239=ORIENTED_EDGE('',*,*,#1005,.T.);
#240=ORIENTED_EDGE('',*,*,#1010,.T.);
#241=ORIENTED_EDGE('',*,*,#1007,.F.);
#242=ORIENTED_EDGE('',*,*,#1008,.F.);
#243=ORIENTED_EDGE('',*,*,#970,.T.);
#244=ORIENTED_EDGE('',*,*,#1012,.T.);
#245=ORIENTED_EDGE('',*,*,#1013,.F.);
#246=ORIENTED_EDGE('',*,*,#1014,.F.);
#247=ORIENTED_EDGE('',*,*,#1015,.T.);
#248=ORIENTED_EDGE('',*,*,#967,.F.);
#249=ORIENTED_EDGE('',*,*,#1016,.T.);
#250=ORIENTED_EDGE('',*,*,#1014,.T.);
#251=ORIENTED_EDGE('',*,*,#1017,.T.);
#252=ORIENTED_EDGE('',*,*,#1018,.F.);
#253=ORIENTED_EDGE('',*,*,#969,.T.);
#254=ORIENTED_EDGE('',*,*,#1019,.F.);
#255=ORIENTED_EDGE('',*,*,#1012,.F.);
#256=ORIENTED_EDGE('',*,*,#1019,.T.);
#257=ORIENTED_EDGE('',*,*,#968,.F.);
#258=ORIENTED_EDGE('',*,*,#1017,.F.);
#259=ORIENTED_EDGE('',*,*,#1013,.T.);
#260=ORIENTED_EDGE('',*,*,#1018,.T.);
#261=ORIENTED_EDGE('',*,*,#1015,.F.);
#262=ORIENTED_EDGE('',*,*,#1016,.F.);
#263=ORIENTED_EDGE('',*,*,#966,.T.);
#264=ORIENTED_EDGE('',*,*,#1020,.T.);
#265=ORIENTED_EDGE('',*,*,#1021,.F.);
#266=ORIENTED_EDGE('',*,*,#1022,.F.);
#267=ORIENTED_EDGE('',*,*,#1023,.T.);
#268=ORIENTED_EDGE('',*,*,#963,.F.);
#269=ORIENTED_EDGE('',*,*,#1024,.T.);
#270=ORIENTED_EDGE('',*,*,#1022,.T.);
#271=ORIENTED_EDGE('',*,*,#1025,.T.);
#272=ORIENTED_EDGE('',*,*,#1026,.F.);
#273=ORIENTED_EDGE('',*,*,#965,.T.);
#274=ORIENTED_EDGE('',*,*,#1027,.F.);
#275=ORIENTED_EDGE('',*,*,#1020,.F.);
#276=ORIENTED_EDGE('',*,*,#1027,.T.);
#277=ORIENTED_EDGE('',*,*,#964,.F.);
#278=ORIENTED_EDGE('',*,*,#1025,.F.);
#279=ORIENTED_EDGE('',*,*,#1021,.T.);
#280=ORIENTED_EDGE('',*,*,#1026,.T.);
#281=ORIENTED_EDGE('',*,*,#1023,.F.);
#282=ORIENTED_EDGE('',*,*,#1024,.F.);
#283=ORIENTED_EDGE('',*,*,#962,.T.);
#284=ORIENTED_EDGE('',*,*,#1028,.T.);
#285=ORIENTED_EDGE('',*,*,#1029,.F.);
#286=ORIENTED_EDGE('',*,*,#1030,.F.);
#287=ORIENTED_EDGE('',*,*,#1031,.T.);
#288=ORIENTED_EDGE('',*,*,#959,.F.);
#289=ORIENTED_EDGE('',*,*,#1032,.T.);
#290=ORIENTED_EDGE('',*,*,#1030,.T.);
#291=ORIENTED_EDGE('',*,*,#1033,.T.);
#292=ORIENTED_EDGE('',*,*,#1034,.F.);
#293=ORIENTED_EDGE('',*,*,#961,.T.);
#294=ORIENTED_EDGE('',*,*,#1035,.F.);
#295=ORIENTED_EDGE('',*,*,#1028,.F.);
#296=ORIENTED_EDGE('',*,*,#1035,.T.);
#297=ORIENTED_EDGE('',*,*,#960,.F.);
#298=ORIENTED_EDGE('',*,*,#1033,.F.);
#299=ORIENTED_EDGE('',*,*,#1029,.T.);
#300=ORIENTED_EDGE('',*,*,#1034,.T.);
#301=ORIENTED_EDGE('',*,*,#1031,.F.);
#302=ORIENTED_EDGE('',*,*,#1032,.F.);
#303=ORIENTED_EDGE('',*,*,#958,.T.);
#304=ORIENTED_EDGE('',*,*,#1036,.T.);
#305=ORIENTED_EDGE('',*,*,#1037,.F.);
#306=ORIENTED_EDGE('',*,*,#1038,.F.);
#307=ORIENTED_EDGE('',*,*,#1039,.T.);
#308=ORIENTED_EDGE('',*,*,#955,.F.);
#309=ORIENTED_EDGE('',*,*,#1040,.T.);
#310=ORIENTED_EDGE('',*,*,#1038,.T.);
#311=ORIENTED_EDGE('',*,*,#1041,.T.);
#312=ORIENTED_EDGE('',*,*,#1042,.F.);
#313=ORIENTED_EDGE('',*,*,#957,.T.);
#314=ORIENTED_EDGE('',*,*,#1043,.F.);
#315=ORIENTED_EDGE('',*,*,#1036,.F.);
#316=ORIENTED_EDGE('',*,*,#1043,.T.);
#317=ORIENTED_EDGE('',*,*,#956,.F.);
#318=ORIENTED_EDGE('',*,*,#1041,.F.);
#319=ORIENTED_EDGE('',*,*,#1037,.T.);
#320=ORIENTED_EDGE('',*,*,#1042,.T.);
#321=ORIENTED_EDGE('',*,*,#1039,.F.);
#322=ORIENTED_EDGE('',*,*,#1040,.F.);
#323=ORIENTED_EDGE('',*,*,#954,.T.);
#324=ORIENTED_EDGE('',*,*,#1044,.T.);
#325=ORIENTED_EDGE('',*,*,#1045,.F.);
#326=ORIENTED_EDGE('',*,*,#1046,.F.);
#327=ORIENTED_EDGE('',*,*,#1047,.T.);
#328=ORIENTED_EDGE('',*,*,#951,.F.);
#329=ORIENTED_EDGE('',*,*,#1048,.T.);
#330=ORIENTED_EDGE('',*,*,#1046,.T.);
#331=ORIENTED_EDGE('',*,*,#1049,.T.);
#332=ORIENTED_EDGE('',*,*,#1050,.F.);
#333=ORIENTED_EDGE('',*,*,#953,.T.);
#334=ORIENTED_EDGE('',*,*,#1051,.F.);
#335=ORIENTED_EDGE('',*,*,#1044,.F.);
#336=ORIENTED_EDGE('',*,*,#1051,.T.);
#337=ORIENTED_EDGE('',*,*,#952,.F.);
#338=ORIENTED_EDGE('',*,*,#1049,.F.);
#339=ORIENTED_EDGE('',*,*,#1045,.T.);
#340=ORIENTED_EDGE('',*,*,#1050,.T.);
#341=ORIENTED_EDGE('',*,*,#1047,.F.);
#342=ORIENTED_EDGE('',*,*,#1048,.F.);
#343=ORIENTED_EDGE('',*,*,#950,.T.);
#344=ORIENTED_EDGE('',*,*,#1052,.T.);
#345=ORIENTED_EDGE('',*,*,#1053,.F.);
#346=ORIENTED_EDGE('',*,*,#1054,.F.);
#347=ORIENTED_EDGE('',*,*,#1055,.T.);
#348=ORIENTED_EDGE('',*,*,#947,.F.);
#349=ORIENTED_EDGE('',*,*,#1056,.T.);
#350=ORIENTED_EDGE('',*,*,#1054,.T.);
#351=ORIENTED_EDGE('',*,*,#1057,.T.);
#352=ORIENTED_EDGE('',*,*,#1058,.F.);
#353=ORIENTED_EDGE('',*,*,#949,.T.);
#354=ORIENTED_EDGE('',*,*,#1059,.F.);
#355=ORIENTED_EDGE('',*,*,#1052,.F.);
#356=ORIENTED_EDGE('',*,*,#1059,.T.);
#357=ORIENTED_EDGE('',*,*,#948,.F.);
#358=ORIENTED_EDGE('',*,*,#1057,.F.);
#359=ORIENTED_EDGE('',*,*,#1053,.T.);
#360=ORIENTED_EDGE('',*,*,#1058,.T.);
#361=ORIENTED_EDGE('',*,*,#1055,.F.);
#362=ORIENTED_EDGE('',*,*,#1056,.F.);
#363=ORIENTED_EDGE('',*,*,#946,.T.);
#364=ORIENTED_EDGE('',*,*,#1060,.T.);
#365=ORIENTED_EDGE('',*,*,#1061,.F.);
#366=ORIENTED_EDGE('',*,*,#1062,.F.);
#367=ORIENTED_EDGE('',*,*,#1063,.T.);
#368=ORIENTED_EDGE('',*,*,#943,.F.);
#369=ORIENTED_EDGE('',*,*,#1064,.T.);
#370=ORIENTED_EDGE('',*,*,#1062,.T.);
#371=ORIENTED_EDGE('',*,*,#1065,.T.);
#372=ORIENTED_EDGE('',*,*,#1066,.F.);
#373=ORIENTED_EDGE('',*,*,#945,.T.);
#374=ORIENTED_EDGE('',*,*,#1067,.F.);
#375=ORIENTED_EDGE('',*,*,#1060,.F.);
#376=ORIENTED_EDGE('',*,*,#1067,.T.);
#377=ORIENTED_EDGE('',*,*,#944,.F.);
#378=ORIENTED_EDGE('',*,*,#1065,.F.);
#379=ORIENTED_EDGE('',*,*,#1061,.T.);
#380=ORIENTED_EDGE('',*,*,#1066,.T.);
#381=ORIENTED_EDGE('',*,*,#1063,.F.);
#382=ORIENTED_EDGE('',*,*,#1064,.F.);
#383=ORIENTED_EDGE('',*,*,#942,.T.);
#384=ORIENTED_EDGE('',*,*,#1068,.T.);
#385=ORIENTED_EDGE('',*,*,#1069,.F.);
#386=ORIENTED_EDGE('',*,*,#1070,.F.);
#387=ORIENTED_EDGE('',*,*,#1071,.T.);
#388=ORIENTED_EDGE('',*,*,#939,.F.);
#389=ORIENTED_EDGE('',*,*,#1072,.T.);
#390=ORIENTED_EDGE('',*,*,#1070,.T.);
#391=ORIENTED_EDGE('',*,*,#1073,.T.);
#392=ORIENTED_EDGE('',*,*,#1074,.F.);
#393=ORIENTED_EDGE('',*,*,#941,.T.);
#394=ORIENTED_EDGE('',*,*,#1075,.F.);
#395=ORIENTED_EDGE('',*,*,#1068,.F.);
#396=ORIENTED_EDGE('',*,*,#1075,.T.);
#397=ORIENTED_EDGE('',*,*,#940,.F.);
#398=ORIENTED_EDGE('',*,*,#1073,.F.);
#399=ORIENTED_EDGE('',*,*,#1069,.T.);
#400=ORIENTED_EDGE('',*,*,#1074,.T.);
#401=ORIENTED_EDGE('',*,*,#1071,.F.);
#402=ORIENTED_EDGE('',*,*,#1072,.F.);
#403=ORIENTED_EDGE('',*,*,#938,.T.);
#404=ORIENTED_EDGE('',*,*,#1076,.T.);
#405=ORIENTED_EDGE('',*,*,#1077,.F.);
#406=ORIENTED_EDGE('',*,*,#1078,.F.);
#407=ORIENTED_EDGE('',*,*,#1079,.T.);
#408=ORIENTED_EDGE('',*,*,#935,.F.);
#409=ORIENTED_EDGE('',*,*,#1080,.T.);
#410=ORIENTED_EDGE('',*,*,#1078,.T.);
#411=ORIENTED_EDGE('',*,*,#1081,.T.);
#412=ORIENTED_EDGE('',*,*,#1082,.F.);
#413=ORIENTED_EDGE('',*,*,#937,.T.);
#414=ORIENTED_EDGE('',*,*,#1083,.F.);
#415=ORIENTED_EDGE('',*,*,#1076,.F.);
#416=ORIENTED_EDGE('',*,*,#1083,.T.);
#417=ORIENTED_EDGE('',*,*,#936,.F.);
#418=ORIENTED_EDGE('',*,*,#1081,.F.);
#419=ORIENTED_EDGE('',*,*,#1077,.T.);
#420=ORIENTED_EDGE('',*,*,#1082,.T.);
#421=ORIENTED_EDGE('',*,*,#1079,.F.);
#422=ORIENTED_EDGE('',*,*,#1080,.F.);
#423=ORIENTED_EDGE('',*,*,#934,.T.);
#424=ORIENTED_EDGE('',*,*,#1084,.T.);
#425=ORIENTED_EDGE('',*,*,#1085,.F.);
#426=ORIENTED_EDGE('',*,*,#1086,.F.);
#427=ORIENTED_EDGE('',*,*,#1087,.T.);
#428=ORIENTED_EDGE('',*,*,#931,.F.);
#429=ORIENTED_EDGE('',*,*,#1088,.T.);
#430=ORIENTED_EDGE('',*,*,#1086,.T.);
#431=ORIENTED_EDGE('',*,*,#1089,.T.);
#432=ORIENTED_EDGE('',*,*,#1090,.F.);
#433=ORIENTED_EDGE('',*,*,#933,.T.);
#434=ORIENTED_EDGE('',*,*,#1091,.F.);
#435=ORIENTED_EDGE('',*,*,#1084,.F.);
#436=ORIENTED_EDGE('',*,*,#1091,.T.);
#437=ORIENTED_EDGE('',*,*,#932,.F.);
#438=ORIENTED_EDGE('',*,*,#1089,.F.);
#439=ORIENTED_EDGE('',*,*,#1085,.T.);
#440=ORIENTED_EDGE('',*,*,#1090,.T.);
#441=ORIENTED_EDGE('',*,*,#1087,.F.);
#442=ORIENTED_EDGE('',*,*,#1088,.F.);
#443=ORIENTED_EDGE('',*,*,#930,.T.);
#444=ORIENTED_EDGE('',*,*,#1092,.T.);
#445=ORIENTED_EDGE('',*,*,#1093,.F.);
#446=ORIENTED_EDGE('',*,*,#1094,.F.);
#447=ORIENTED_EDGE('',*,*,#1095,.T.);
#448=ORIENTED_EDGE('',*,*,#927,.F.);
#449=ORIENTED_EDGE('',*,*,#1096,.T.);
#450=ORIENTED_EDGE('',*,*,#1094,.T.);
#451=ORIENTED_EDGE('',*,*,#1097,.T.);
#452=ORIENTED_EDGE('',*,*,#1098,.F.);
#453=ORIENTED_EDGE('',*,*,#929,.T.);
#454=ORIENTED_EDGE('',*,*,#1099,.F.);
#455=ORIENTED_EDGE('',*,*,#1092,.F.);
#456=ORIENTED_EDGE('',*,*,#1099,.T.);
#457=ORIENTED_EDGE('',*,*,#928,.F.);
#458=ORIENTED_EDGE('',*,*,#1097,.F.);
#459=ORIENTED_EDGE('',*,*,#1093,.T.);
#460=ORIENTED_EDGE('',*,*,#1098,.T.);
#461=ORIENTED_EDGE('',*,*,#1095,.F.);
#462=ORIENTED_EDGE('',*,*,#1096,.F.);
#463=ORIENTED_EDGE('',*,*,#926,.T.);
#464=ORIENTED_EDGE('',*,*,#1100,.F.);
#465=ORIENTED_EDGE('',*,*,#982,.T.);
#466=ORIENTED_EDGE('',*,*,#1101,.T.);
#467=ORIENTED_EDGE('',*,*,#1102,.F.);
#468=ORIENTED_EDGE('',*,*,#983,.F.);
#469=ORIENTED_EDGE('',*,*,#1100,.T.);
#470=ORIENTED_EDGE('',*,*,#1103,.T.);
#471=ORIENTED_EDGE('',*,*,#1104,.T.);
#472=ORIENTED_EDGE('',*,*,#1101,.F.);
#473=ORIENTED_EDGE('',*,*,#985,.T.);
#474=ORIENTED_EDGE('',*,*,#1105,.F.);
#475=ORIENTED_EDGE('',*,*,#1106,.F.);
#476=ORIENTED_EDGE('',*,*,#1106,.T.);
#477=ORIENTED_EDGE('',*,*,#1107,.F.);
#478=ORIENTED_EDGE('',*,*,#1103,.F.);
#479=ORIENTED_EDGE('',*,*,#1102,.T.);
#480=ORIENTED_EDGE('',*,*,#1105,.T.);
#481=ORIENTED_EDGE('',*,*,#984,.F.);
#482=ORIENTED_EDGE('',*,*,#1104,.F.);
#483=ORIENTED_EDGE('',*,*,#1107,.T.);
#484=ORIENTED_EDGE('',*,*,#1108,.T.);
#485=ORIENTED_EDGE('',*,*,#1109,.F.);
#486=ORIENTED_EDGE('',*,*,#1110,.F.);
#487=ORIENTED_EDGE('',*,*,#1111,.T.);
#488=ORIENTED_EDGE('',*,*,#913,.F.);
#489=ORIENTED_EDGE('',*,*,#1112,.T.);
#490=ORIENTED_EDGE('',*,*,#1110,.T.);
#491=ORIENTED_EDGE('',*,*,#1113,.T.);
#492=ORIENTED_EDGE('',*,*,#1114,.F.);
#493=ORIENTED_EDGE('',*,*,#915,.T.);
#494=ORIENTED_EDGE('',*,*,#1115,.F.);
#495=ORIENTED_EDGE('',*,*,#1108,.F.);
#496=ORIENTED_EDGE('',*,*,#1115,.T.);
#497=ORIENTED_EDGE('',*,*,#914,.T.);
#498=ORIENTED_EDGE('',*,*,#1113,.F.);
#499=ORIENTED_EDGE('',*,*,#1109,.T.);
#500=ORIENTED_EDGE('',*,*,#1114,.T.);
#501=ORIENTED_EDGE('',*,*,#1111,.F.);
#502=ORIENTED_EDGE('',*,*,#1112,.F.);
#503=ORIENTED_EDGE('',*,*,#912,.T.);
#504=ORIENTED_EDGE('',*,*,#1116,.T.);
#505=ORIENTED_EDGE('',*,*,#1117,.F.);
#506=ORIENTED_EDGE('',*,*,#1118,.F.);
#507=ORIENTED_EDGE('',*,*,#1119,.T.);
#508=ORIENTED_EDGE('',*,*,#909,.F.);
#509=ORIENTED_EDGE('',*,*,#1120,.T.);
#510=ORIENTED_EDGE('',*,*,#1118,.T.);
#511=ORIENTED_EDGE('',*,*,#1121,.T.);
#512=ORIENTED_EDGE('',*,*,#1122,.F.);
#513=ORIENTED_EDGE('',*,*,#911,.T.);
#514=ORIENTED_EDGE('',*,*,#1123,.F.);
#515=ORIENTED_EDGE('',*,*,#1116,.F.);
#516=ORIENTED_EDGE('',*,*,#1123,.T.);
#517=ORIENTED_EDGE('',*,*,#910,.F.);
#518=ORIENTED_EDGE('',*,*,#1121,.F.);
#519=ORIENTED_EDGE('',*,*,#1117,.T.);
#520=ORIENTED_EDGE('',*,*,#1122,.T.);
#521=ORIENTED_EDGE('',*,*,#1119,.F.);
#522=ORIENTED_EDGE('',*,*,#1120,.F.);
#523=ORIENTED_EDGE('',*,*,#908,.T.);
#524=ORIENTED_EDGE('',*,*,#1124,.T.);
#525=ORIENTED_EDGE('',*,*,#1125,.F.);
#526=ORIENTED_EDGE('',*,*,#1126,.F.);
#527=ORIENTED_EDGE('',*,*,#1127,.T.);
#528=ORIENTED_EDGE('',*,*,#905,.F.);
#529=ORIENTED_EDGE('',*,*,#1128,.T.);
#530=ORIENTED_EDGE('',*,*,#1126,.T.);
#531=ORIENTED_EDGE('',*,*,#1129,.T.);
#532=ORIENTED_EDGE('',*,*,#1130,.F.);
#533=ORIENTED_EDGE('',*,*,#907,.T.);
#534=ORIENTED_EDGE('',*,*,#1131,.F.);
#535=ORIENTED_EDGE('',*,*,#1124,.F.);
#536=ORIENTED_EDGE('',*,*,#1131,.T.);
#537=ORIENTED_EDGE('',*,*,#906,.F.);
#538=ORIENTED_EDGE('',*,*,#1129,.F.);
#539=ORIENTED_EDGE('',*,*,#1125,.T.);
#540=ORIENTED_EDGE('',*,*,#1130,.T.);
#541=ORIENTED_EDGE('',*,*,#1127,.F.);
#542=ORIENTED_EDGE('',*,*,#1128,.F.);
#543=ORIENTED_EDGE('',*,*,#904,.T.);
#544=ORIENTED_EDGE('',*,*,#1132,.T.);
#545=ORIENTED_EDGE('',*,*,#1133,.F.);
#546=ORIENTED_EDGE('',*,*,#1134,.F.);
#547=ORIENTED_EDGE('',*,*,#1135,.T.);
#548=ORIENTED_EDGE('',*,*,#901,.F.);
#549=ORIENTED_EDGE('',*,*,#1136,.T.);
#550=ORIENTED_EDGE('',*,*,#1134,.T.);
#551=ORIENTED_EDGE('',*,*,#1137,.T.);
#552=ORIENTED_EDGE('',*,*,#1138,.F.);
#553=ORIENTED_EDGE('',*,*,#903,.T.);
#554=ORIENTED_EDGE('',*,*,#1139,.F.);
#555=ORIENTED_EDGE('',*,*,#1132,.F.);
#556=ORIENTED_EDGE('',*,*,#1139,.T.);
#557=ORIENTED_EDGE('',*,*,#902,.F.);
#558=ORIENTED_EDGE('',*,*,#1137,.F.);
#559=ORIENTED_EDGE('',*,*,#1133,.T.);
#560=ORIENTED_EDGE('',*,*,#1138,.T.);
#561=ORIENTED_EDGE('',*,*,#1135,.F.);
#562=ORIENTED_EDGE('',*,*,#1136,.F.);
#563=ORIENTED_EDGE('',*,*,#900,.T.);
#564=ORIENTED_EDGE('',*,*,#1140,.T.);
#565=ORIENTED_EDGE('',*,*,#1141,.F.);
#566=ORIENTED_EDGE('',*,*,#1142,.F.);
#567=ORIENTED_EDGE('',*,*,#1143,.T.);
#568=ORIENTED_EDGE('',*,*,#897,.F.);
#569=ORIENTED_EDGE('',*,*,#1144,.T.);
#570=ORIENTED_EDGE('',*,*,#1142,.T.);
#571=ORIENTED_EDGE('',*,*,#1145,.T.);
#572=ORIENTED_EDGE('',*,*,#1146,.F.);
#573=ORIENTED_EDGE('',*,*,#899,.T.);
#574=ORIENTED_EDGE('',*,*,#1147,.F.);
#575=ORIENTED_EDGE('',*,*,#1140,.F.);
#576=ORIENTED_EDGE('',*,*,#1147,.T.);
#577=ORIENTED_EDGE('',*,*,#898,.F.);
#578=ORIENTED_EDGE('',*,*,#1145,.F.);
#579=ORIENTED_EDGE('',*,*,#1141,.T.);
#580=ORIENTED_EDGE('',*,*,#1146,.T.);
#581=ORIENTED_EDGE('',*,*,#1143,.F.);
#582=ORIENTED_EDGE('',*,*,#1144,.F.);
#583=ORIENTED_EDGE('',*,*,#896,.T.);
#584=ORIENTED_EDGE('',*,*,#1148,.T.);
#585=ORIENTED_EDGE('',*,*,#1149,.F.);
#586=ORIENTED_EDGE('',*,*,#1150,.F.);
#587=ORIENTED_EDGE('',*,*,#1151,.T.);
#588=ORIENTED_EDGE('',*,*,#893,.F.);
#589=ORIENTED_EDGE('',*,*,#1152,.T.);
#590=ORIENTED_EDGE('',*,*,#1150,.T.);
#591=ORIENTED_EDGE('',*,*,#1153,.T.);
#592=ORIENTED_EDGE('',*,*,#1154,.F.);
#593=ORIENTED_EDGE('',*,*,#895,.T.);
#594=ORIENTED_EDGE('',*,*,#1155,.F.);
#595=ORIENTED_EDGE('',*,*,#1148,.F.);
#596=ORIENTED_EDGE('',*,*,#1155,.T.);
#597=ORIENTED_EDGE('',*,*,#894,.F.);
#598=ORIENTED_EDGE('',*,*,#1153,.F.);
#599=ORIENTED_EDGE('',*,*,#1149,.T.);
#600=ORIENTED_EDGE('',*,*,#1154,.T.);
#601=ORIENTED_EDGE('',*,*,#1151,.F.);
#602=ORIENTED_EDGE('',*,*,#1152,.F.);
#603=ORIENTED_EDGE('',*,*,#892,.T.);
#604=ORIENTED_EDGE('',*,*,#1156,.T.);
#605=ORIENTED_EDGE('',*,*,#1157,.F.);
#606=ORIENTED_EDGE('',*,*,#1158,.F.);
#607=ORIENTED_EDGE('',*,*,#1159,.T.);
#608=ORIENTED_EDGE('',*,*,#889,.F.);
#609=ORIENTED_EDGE('',*,*,#1160,.T.);
#610=ORIENTED_EDGE('',*,*,#1158,.T.);
#611=ORIENTED_EDGE('',*,*,#1161,.T.);
#612=ORIENTED_EDGE('',*,*,#1162,.F.);
#613=ORIENTED_EDGE('',*,*,#891,.T.);
#614=ORIENTED_EDGE('',*,*,#1163,.F.);
#615=ORIENTED_EDGE('',*,*,#1156,.F.);
#616=ORIENTED_EDGE('',*,*,#1163,.T.);
#617=ORIENTED_EDGE('',*,*,#890,.F.);
#618=ORIENTED_EDGE('',*,*,#1161,.F.);
#619=ORIENTED_EDGE('',*,*,#1157,.T.);
#620=ORIENTED_EDGE('',*,*,#1162,.T.);
#621=ORIENTED_EDGE('',*,*,#1159,.F.);
#622=ORIENTED_EDGE('',*,*,#1160,.F.);
#623=ORIENTED_EDGE('',*,*,#888,.T.);
#624=ORIENTED_EDGE('',*,*,#1164,.T.);
#625=ORIENTED_EDGE('',*,*,#1165,.F.);
#626=ORIENTED_EDGE('',*,*,#1166,.F.);
#627=ORIENTED_EDGE('',*,*,#1167,.T.);
#628=ORIENTED_EDGE('',*,*,#885,.F.);
#629=ORIENTED_EDGE('',*,*,#1168,.T.);
#630=ORIENTED_EDGE('',*,*,#1166,.T.);
#631=ORIENTED_EDGE('',*,*,#1169,.T.);
#632=ORIENTED_EDGE('',*,*,#1170,.F.);
#633=ORIENTED_EDGE('',*,*,#887,.T.);
#634=ORIENTED_EDGE('',*,*,#1171,.F.);
#635=ORIENTED_EDGE('',*,*,#1164,.F.);
#636=ORIENTED_EDGE('',*,*,#1171,.T.);
#637=ORIENTED_EDGE('',*,*,#886,.F.);
#638=ORIENTED_EDGE('',*,*,#1169,.F.);
#639=ORIENTED_EDGE('',*,*,#1165,.T.);
#640=ORIENTED_EDGE('',*,*,#1170,.T.);
#641=ORIENTED_EDGE('',*,*,#1167,.F.);
#642=ORIENTED_EDGE('',*,*,#1168,.F.);
#643=ORIENTED_EDGE('',*,*,#884,.T.);
#644=ORIENTED_EDGE('',*,*,#1172,.T.);
#645=ORIENTED_EDGE('',*,*,#1173,.F.);
#646=ORIENTED_EDGE('',*,*,#1174,.F.);
#647=ORIENTED_EDGE('',*,*,#1175,.T.);
#648=ORIENTED_EDGE('',*,*,#881,.F.);
#649=ORIENTED_EDGE('',*,*,#1176,.T.);
#650=ORIENTED_EDGE('',*,*,#1174,.T.);
#651=ORIENTED_EDGE('',*,*,#1177,.T.);
#652=ORIENTED_EDGE('',*,*,#1178,.F.);
#653=ORIENTED_EDGE('',*,*,#883,.T.);
#654=ORIENTED_EDGE('',*,*,#1179,.F.);
#655=ORIENTED_EDGE('',*,*,#1172,.F.);
#656=ORIENTED_EDGE('',*,*,#1179,.T.);
#657=ORIENTED_EDGE('',*,*,#882,.F.);
#658=ORIENTED_EDGE('',*,*,#1177,.F.);
#659=ORIENTED_EDGE('',*,*,#1173,.T.);
#660=ORIENTED_EDGE('',*,*,#1178,.T.);
#661=ORIENTED_EDGE('',*,*,#1175,.F.);
#662=ORIENTED_EDGE('',*,*,#1176,.F.);
#663=ORIENTED_EDGE('',*,*,#880,.T.);
#664=ORIENTED_EDGE('',*,*,#1180,.T.);
#665=ORIENTED_EDGE('',*,*,#1181,.F.);
#666=ORIENTED_EDGE('',*,*,#1182,.F.);
#667=ORIENTED_EDGE('',*,*,#1183,.T.);
#668=ORIENTED_EDGE('',*,*,#877,.F.);
#669=ORIENTED_EDGE('',*,*,#1184,.T.);
#670=ORIENTED_EDGE('',*,*,#1182,.T.);
#671=ORIENTED_EDGE('',*,*,#1185,.T.);
#672=ORIENTED_EDGE('',*,*,#1186,.F.);
#673=ORIENTED_EDGE('',*,*,#879,.T.);
#674=ORIENTED_EDGE('',*,*,#1187,.F.);
#675=ORIENTED_EDGE('',*,*,#1180,.F.);
#676=ORIENTED_EDGE('',*,*,#1187,.T.);
#677=ORIENTED_EDGE('',*,*,#878,.F.);
#678=ORIENTED_EDGE('',*,*,#1185,.F.);
#679=ORIENTED_EDGE('',*,*,#1181,.T.);
#680=ORIENTED_EDGE('',*,*,#1186,.T.);
#681=ORIENTED_EDGE('',*,*,#1183,.F.);
#682=ORIENTED_EDGE('',*,*,#1184,.F.);
#683=ORIENTED_EDGE('',*,*,#876,.T.);
#684=ORIENTED_EDGE('',*,*,#1188,.T.);
#685=ORIENTED_EDGE('',*,*,#1189,.F.);
#686=ORIENTED_EDGE('',*,*,#1190,.F.);
#687=ORIENTED_EDGE('',*,*,#1191,.T.);
#688=ORIENTED_EDGE('',*,*,#873,.F.);
#689=ORIENTED_EDGE('',*,*,#1192,.T.);
#690=ORIENTED_EDGE('',*,*,#1190,.T.);
#691=ORIENTED_EDGE('',*,*,#1193,.T.);
#692=ORIENTED_EDGE('',*,*,#1194,.F.);
#693=ORIENTED_EDGE('',*,*,#875,.T.);
#694=ORIENTED_EDGE('',*,*,#1195,.F.);
#695=ORIENTED_EDGE('',*,*,#1188,.F.);
#696=ORIENTED_EDGE('',*,*,#1195,.T.);
#697=ORIENTED_EDGE('',*,*,#874,.F.);
#698=ORIENTED_EDGE('',*,*,#1193,.F.);
#699=ORIENTED_EDGE('',*,*,#1189,.T.);
#700=ORIENTED_EDGE('',*,*,#1194,.T.);
#701=ORIENTED_EDGE('',*,*,#1191,.F.);
#702=ORIENTED_EDGE('',*,*,#1192,.F.);
#703=ORIENTED_EDGE('',*,*,#872,.T.);
#704=ORIENTED_EDGE('',*,*,#1196,.T.);
#705=ORIENTED_EDGE('',*,*,#1197,.F.);
#706=ORIENTED_EDGE('',*,*,#1198,.F.);
#707=ORIENTED_EDGE('',*,*,#1199,.T.);
#708=ORIENTED_EDGE('',*,*,#869,.F.);
#709=ORIENTED_EDGE('',*,*,#1200,.T.);
#710=ORIENTED_EDGE('',*,*,#1198,.T.);
#711=ORIENTED_EDGE('',*,*,#1201,.T.);
#712=ORIENTED_EDGE('',*,*,#1202,.F.);
#713=ORIENTED_EDGE('',*,*,#871,.T.);
#714=ORIENTED_EDGE('',*,*,#1203,.F.);
#715=ORIENTED_EDGE('',*,*,#1196,.F.);
#716=ORIENTED_EDGE('',*,*,#1203,.T.);
#717=ORIENTED_EDGE('',*,*,#870,.F.);
#718=ORIENTED_EDGE('',*,*,#1201,.F.);
#719=ORIENTED_EDGE('',*,*,#1197,.T.);
#720=ORIENTED_EDGE('',*,*,#1202,.T.);
#721=ORIENTED_EDGE('',*,*,#1199,.F.);
#722=ORIENTED_EDGE('',*,*,#1200,.F.);
#723=ORIENTED_EDGE('',*,*,#868,.T.);
#724=ORIENTED_EDGE('',*,*,#1204,.T.);
#725=ORIENTED_EDGE('',*,*,#1205,.F.);
#726=ORIENTED_EDGE('',*,*,#1206,.F.);
#727=ORIENTED_EDGE('',*,*,#1207,.T.);
#728=ORIENTED_EDGE('',*,*,#865,.F.);
#729=ORIENTED_EDGE('',*,*,#1208,.T.);
#730=ORIENTED_EDGE('',*,*,#1206,.T.);
#731=ORIENTED_EDGE('',*,*,#1209,.T.);
#732=ORIENTED_EDGE('',*,*,#1210,.F.);
#733=ORIENTED_EDGE('',*,*,#867,.T.);
#734=ORIENTED_EDGE('',*,*,#1211,.F.);
#735=ORIENTED_EDGE('',*,*,#1204,.F.);
#736=ORIENTED_EDGE('',*,*,#1211,.T.);
#737=ORIENTED_EDGE('',*,*,#866,.F.);
#738=ORIENTED_EDGE('',*,*,#1209,.F.);
#739=ORIENTED_EDGE('',*,*,#1205,.T.);
#740=ORIENTED_EDGE('',*,*,#1210,.T.);
#741=ORIENTED_EDGE('',*,*,#1207,.F.);
#742=ORIENTED_EDGE('',*,*,#1208,.F.);
#743=ORIENTED_EDGE('',*,*,#864,.T.);
#744=ORIENTED_EDGE('',*,*,#1212,.T.);
#745=ORIENTED_EDGE('',*,*,#1213,.F.);
#746=ORIENTED_EDGE('',*,*,#1214,.F.);
#747=ORIENTED_EDGE('',*,*,#1215,.T.);
#748=ORIENTED_EDGE('',*,*,#861,.F.);
#749=ORIENTED_EDGE('',*,*,#1216,.T.);
#750=ORIENTED_EDGE('',*,*,#1214,.T.);
#751=ORIENTED_EDGE('',*,*,#1217,.T.);
#752=ORIENTED_EDGE('',*,*,#1218,.F.);
#753=ORIENTED_EDGE('',*,*,#863,.T.);
#754=ORIENTED_EDGE('',*,*,#1219,.F.);
#755=ORIENTED_EDGE('',*,*,#1212,.F.);
#756=ORIENTED_EDGE('',*,*,#1219,.T.);
#757=ORIENTED_EDGE('',*,*,#862,.F.);
#758=ORIENTED_EDGE('',*,*,#1217,.F.);
#759=ORIENTED_EDGE('',*,*,#1213,.T.);
#760=ORIENTED_EDGE('',*,*,#1218,.T.);
#761=ORIENTED_EDGE('',*,*,#1215,.F.);
#762=ORIENTED_EDGE('',*,*,#1216,.F.);
#763=ORIENTED_EDGE('',*,*,#860,.T.);
#764=ORIENTED_EDGE('',*,*,#1220,.F.);
#765=ORIENTED_EDGE('',*,*,#916,.T.);
#766=ORIENTED_EDGE('',*,*,#1221,.T.);
#767=ORIENTED_EDGE('',*,*,#1222,.F.);
#768=ORIENTED_EDGE('',*,*,#917,.F.);
#769=ORIENTED_EDGE('',*,*,#1220,.T.);
#770=ORIENTED_EDGE('',*,*,#1223,.T.);
#771=ORIENTED_EDGE('',*,*,#1224,.T.);
#772=ORIENTED_EDGE('',*,*,#1221,.F.);
#773=ORIENTED_EDGE('',*,*,#919,.T.);
#774=ORIENTED_EDGE('',*,*,#1225,.F.);
#775=ORIENTED_EDGE('',*,*,#1226,.F.);
#776=ORIENTED_EDGE('',*,*,#1226,.T.);
#777=ORIENTED_EDGE('',*,*,#1227,.F.);
#778=ORIENTED_EDGE('',*,*,#1223,.F.);
#779=ORIENTED_EDGE('',*,*,#1222,.T.);
#780=ORIENTED_EDGE('',*,*,#1225,.T.);
#781=ORIENTED_EDGE('',*,*,#918,.F.);
#782=ORIENTED_EDGE('',*,*,#1224,.F.);
#783=ORIENTED_EDGE('',*,*,#1227,.T.);
#784=ORIENTED_EDGE('',*,*,#1228,.F.);
#785=ORIENTED_EDGE('',*,*,#1229,.F.);
#786=ORIENTED_EDGE('',*,*,#1230,.F.);
#787=ORIENTED_EDGE('',*,*,#1231,.F.);
#788=ORIENTED_EDGE('',*,*,#1232,.T.);
#789=ORIENTED_EDGE('',*,*,#1233,.T.);
#790=ORIENTED_EDGE('',*,*,#1234,.F.);
#791=ORIENTED_EDGE('',*,*,#1235,.F.);
#792=ORIENTED_EDGE('',*,*,#1236,.T.);
#793=ORIENTED_EDGE('',*,*,#1229,.T.);
#794=ORIENTED_EDGE('',*,*,#1237,.F.);
#795=ORIENTED_EDGE('',*,*,#1238,.T.);
#796=ORIENTED_EDGE('',*,*,#1239,.F.);
#797=ORIENTED_EDGE('',*,*,#1240,.F.);
#798=ORIENTED_EDGE('',*,*,#1241,.F.);
#799=ORIENTED_EDGE('',*,*,#1235,.T.);
#800=ORIENTED_EDGE('',*,*,#1231,.T.);
#801=ORIENTED_EDGE('',*,*,#1242,.T.);
#802=ORIENTED_EDGE('',*,*,#1240,.T.);
#803=ORIENTED_EDGE('',*,*,#1243,.T.);
#804=ORIENTED_EDGE('',*,*,#1244,.T.);
#805=ORIENTED_EDGE('',*,*,#1245,.T.);
#806=ORIENTED_EDGE('',*,*,#1246,.T.);
#807=ORIENTED_EDGE('',*,*,#1247,.T.);
#808=ORIENTED_EDGE('',*,*,#1248,.T.);
#809=ORIENTED_EDGE('',*,*,#1249,.T.);
#810=ORIENTED_EDGE('',*,*,#1250,.F.);
#811=ORIENTED_EDGE('',*,*,#1233,.F.);
#812=ORIENTED_EDGE('',*,*,#1251,.F.);
#813=ORIENTED_EDGE('',*,*,#1252,.F.);
#814=ORIENTED_EDGE('',*,*,#1253,.F.);
#815=ORIENTED_EDGE('',*,*,#1254,.F.);
#816=ORIENTED_EDGE('',*,*,#1255,.F.);
#817=ORIENTED_EDGE('',*,*,#1256,.F.);
#818=ORIENTED_EDGE('',*,*,#1257,.F.);
#819=ORIENTED_EDGE('',*,*,#1238,.F.);
#820=ORIENTED_EDGE('',*,*,#1255,.T.);
#821=ORIENTED_EDGE('',*,*,#1258,.F.);
#822=ORIENTED_EDGE('',*,*,#1245,.F.);
#823=ORIENTED_EDGE('',*,*,#1259,.T.);
#824=ORIENTED_EDGE('',*,*,#1254,.T.);
#825=ORIENTED_EDGE('',*,*,#1260,.F.);
#826=ORIENTED_EDGE('',*,*,#1246,.F.);
#827=ORIENTED_EDGE('',*,*,#1258,.T.);
#828=ORIENTED_EDGE('',*,*,#1253,.T.);
#829=ORIENTED_EDGE('',*,*,#1261,.F.);
#830=ORIENTED_EDGE('',*,*,#1247,.F.);
#831=ORIENTED_EDGE('',*,*,#1260,.T.);
#832=ORIENTED_EDGE('',*,*,#1252,.T.);
#833=ORIENTED_EDGE('',*,*,#1262,.F.);
#834=ORIENTED_EDGE('',*,*,#1248,.F.);
#835=ORIENTED_EDGE('',*,*,#1261,.T.);
#836=ORIENTED_EDGE('',*,*,#1251,.T.);
#837=ORIENTED_EDGE('',*,*,#1232,.F.);
#838=ORIENTED_EDGE('',*,*,#1249,.F.);
#839=ORIENTED_EDGE('',*,*,#1262,.T.);
#840=ORIENTED_EDGE('',*,*,#1257,.T.);
#841=ORIENTED_EDGE('',*,*,#1263,.F.);
#842=ORIENTED_EDGE('',*,*,#1243,.F.);
#843=ORIENTED_EDGE('',*,*,#1239,.T.);
#844=ORIENTED_EDGE('',*,*,#1256,.T.);
#845=ORIENTED_EDGE('',*,*,#1259,.F.);
#846=ORIENTED_EDGE('',*,*,#1244,.F.);
#847=ORIENTED_EDGE('',*,*,#1263,.T.);
#848=ORIENTED_EDGE('',*,*,#1228,.T.);
#849=ORIENTED_EDGE('',*,*,#1250,.T.);
#850=ORIENTED_EDGE('',*,*,#1237,.T.);
#851=ORIENTED_EDGE('',*,*,#1234,.T.);
#852=ORIENTED_EDGE('',*,*,#1230,.T.);
#853=ORIENTED_EDGE('',*,*,#1236,.F.);
#854=ORIENTED_EDGE('',*,*,#1241,.T.);
#855=ORIENTED_EDGE('',*,*,#1242,.F.);
#856=EDGE_CURVE('',#1264,#1265,#1536,.T.);
#857=EDGE_CURVE('',#1266,#1265,#1537,.T.);
#858=EDGE_CURVE('',#1267,#1266,#1538,.T.);
#859=EDGE_CURVE('',#1267,#1264,#1539,.T.);
#860=EDGE_CURVE('',#1268,#1269,#1540,.T.);
#861=EDGE_CURVE('',#1268,#1270,#1541,.T.);
#862=EDGE_CURVE('',#1270,#1271,#1542,.T.);
#863=EDGE_CURVE('',#1269,#1271,#1543,.T.);
#864=EDGE_CURVE('',#1272,#1273,#1544,.T.);
#865=EDGE_CURVE('',#1272,#1274,#1545,.T.);
#866=EDGE_CURVE('',#1274,#1275,#1546,.T.);
#867=EDGE_CURVE('',#1273,#1275,#1547,.T.);
#868=EDGE_CURVE('',#1276,#1277,#1548,.T.);
#869=EDGE_CURVE('',#1276,#1278,#1549,.T.);
#870=EDGE_CURVE('',#1278,#1279,#1550,.T.);
#871=EDGE_CURVE('',#1277,#1279,#1551,.T.);
#872=EDGE_CURVE('',#1280,#1281,#1552,.T.);
#873=EDGE_CURVE('',#1280,#1282,#1553,.T.);
#874=EDGE_CURVE('',#1282,#1283,#1554,.T.);
#875=EDGE_CURVE('',#1281,#1283,#1555,.T.);
#876=EDGE_CURVE('',#1284,#1285,#1556,.T.);
#877=EDGE_CURVE('',#1284,#1286,#1557,.T.);
#878=EDGE_CURVE('',#1286,#1287,#1558,.T.);
#879=EDGE_CURVE('',#1285,#1287,#1559,.T.);
#880=EDGE_CURVE('',#1288,#1289,#1560,.T.);
#881=EDGE_CURVE('',#1288,#1290,#1561,.T.);
#882=EDGE_CURVE('',#1290,#1291,#1562,.T.);
#883=EDGE_CURVE('',#1289,#1291,#1563,.T.);
#884=EDGE_CURVE('',#1292,#1293,#1564,.T.);
#885=EDGE_CURVE('',#1292,#1294,#1565,.T.);
#886=EDGE_CURVE('',#1294,#1295,#1566,.T.);
#887=EDGE_CURVE('',#1293,#1295,#1567,.T.);
#888=EDGE_CURVE('',#1296,#1297,#1568,.T.);
#889=EDGE_CURVE('',#1296,#1298,#1569,.T.);
#890=EDGE_CURVE('',#1298,#1299,#1570,.T.);
#891=EDGE_CURVE('',#1297,#1299,#1571,.T.);
#892=EDGE_CURVE('',#1300,#1301,#1572,.T.);
#893=EDGE_CURVE('',#1300,#1302,#1573,.T.);
#894=EDGE_CURVE('',#1302,#1303,#1574,.T.);
#895=EDGE_CURVE('',#1301,#1303,#1575,.T.);
#896=EDGE_CURVE('',#1304,#1305,#1576,.T.);
#897=EDGE_CURVE('',#1304,#1306,#1577,.T.);
#898=EDGE_CURVE('',#1306,#1307,#1578,.T.);
#899=EDGE_CURVE('',#1305,#1307,#1579,.T.);
#900=EDGE_CURVE('',#1308,#1309,#1580,.T.);
#901=EDGE_CURVE('',#1308,#1310,#1581,.T.);
#902=EDGE_CURVE('',#1310,#1311,#1582,.T.);
#903=EDGE_CURVE('',#1309,#1311,#1583,.T.);
#904=EDGE_CURVE('',#1312,#1313,#1584,.T.);
#905=EDGE_CURVE('',#1312,#1314,#1585,.T.);
#906=EDGE_CURVE('',#1314,#1315,#1586,.T.);
#907=EDGE_CURVE('',#1313,#1315,#1587,.T.);
#908=EDGE_CURVE('',#1316,#1317,#1588,.T.);
#909=EDGE_CURVE('',#1316,#1318,#1589,.T.);
#910=EDGE_CURVE('',#1318,#1319,#1590,.T.);
#911=EDGE_CURVE('',#1317,#1319,#1591,.T.);
#912=EDGE_CURVE('',#1320,#1321,#1592,.T.);
#913=EDGE_CURVE('',#1320,#1322,#1593,.T.);
#914=EDGE_CURVE('',#1323,#1322,#1594,.T.);
#915=EDGE_CURVE('',#1321,#1323,#1595,.T.);
#916=EDGE_CURVE('',#1324,#1325,#1596,.T.);
#917=EDGE_CURVE('',#1324,#1326,#1597,.T.);
#918=EDGE_CURVE('',#1326,#1327,#1598,.T.);
#919=EDGE_CURVE('',#1325,#1327,#1599,.T.);
#920=EDGE_CURVE('',#1265,#1328,#1600,.T.);
#921=EDGE_CURVE('',#1329,#1328,#1601,.T.);
#922=EDGE_CURVE('',#1266,#1329,#1602,.T.);
#923=EDGE_CURVE('',#1328,#1330,#1603,.T.);
#924=EDGE_CURVE('',#1331,#1330,#1604,.T.);
#925=EDGE_CURVE('',#1329,#1331,#1605,.T.);
#926=EDGE_CURVE('',#1332,#1333,#1606,.T.);
#927=EDGE_CURVE('',#1332,#1334,#1607,.T.);
#928=EDGE_CURVE('',#1334,#1335,#1608,.T.);
#929=EDGE_CURVE('',#1333,#1335,#1609,.T.);
#930=EDGE_CURVE('',#1336,#1337,#1610,.T.);
#931=EDGE_CURVE('',#1336,#1338,#1611,.T.);
#932=EDGE_CURVE('',#1338,#1339,#1612,.T.);
#933=EDGE_CURVE('',#1337,#1339,#1613,.T.);
#934=EDGE_CURVE('',#1340,#1341,#1614,.T.);
#935=EDGE_CURVE('',#1340,#1342,#1615,.T.);
#936=EDGE_CURVE('',#1342,#1343,#1616,.T.);
#937=EDGE_CURVE('',#1341,#1343,#1617,.T.);
#938=EDGE_CURVE('',#1344,#1345,#1618,.T.);
#939=EDGE_CURVE('',#1344,#1346,#1619,.T.);
#940=EDGE_CURVE('',#1346,#1347,#1620,.T.);
#941=EDGE_CURVE('',#1345,#1347,#1621,.T.);
#942=EDGE_CURVE('',#1348,#1349,#1622,.T.);
#943=EDGE_CURVE('',#1348,#1350,#1623,.T.);
#944=EDGE_CURVE('',#1350,#1351,#1624,.T.);
#945=EDGE_CURVE('',#1349,#1351,#1625,.T.);
#946=EDGE_CURVE('',#1352,#1353,#1626,.T.);
#947=EDGE_CURVE('',#1352,#1354,#1627,.T.);
#948=EDGE_CURVE('',#1354,#1355,#1628,.T.);
#949=EDGE_CURVE('',#1353,#1355,#1629,.T.);
#950=EDGE_CURVE('',#1356,#1357,#1630,.T.);
#951=EDGE_CURVE('',#1356,#1358,#1631,.T.);
#952=EDGE_CURVE('',#1358,#1359,#1632,.T.);
#953=EDGE_CURVE('',#1357,#1359,#1633,.T.);
#954=EDGE_CURVE('',#1360,#1361,#1634,.T.);
#955=EDGE_CURVE('',#1360,#1362,#1635,.T.);
#956=EDGE_CURVE('',#1362,#1363,#1636,.T.);
#957=EDGE_CURVE('',#1361,#1363,#1637,.T.);
#958=EDGE_CURVE('',#1364,#1365,#1638,.T.);
#959=EDGE_CURVE('',#1364,#1366,#1639,.T.);
#960=EDGE_CURVE('',#1366,#1367,#1640,.T.);
#961=EDGE_CURVE('',#1365,#1367,#1641,.T.);
#962=EDGE_CURVE('',#1368,#1369,#1642,.T.);
#963=EDGE_CURVE('',#1368,#1370,#1643,.T.);
#964=EDGE_CURVE('',#1370,#1371,#1644,.T.);
#965=EDGE_CURVE('',#1369,#1371,#1645,.T.);
#966=EDGE_CURVE('',#1372,#1373,#1646,.T.);
#967=EDGE_CURVE('',#1372,#1374,#1647,.T.);
#968=EDGE_CURVE('',#1374,#1375,#1648,.T.);
#969=EDGE_CURVE('',#1373,#1375,#1649,.T.);
#970=EDGE_CURVE('',#1376,#1377,#1650,.T.);
#971=EDGE_CURVE('',#1376,#1378,#1651,.T.);
#972=EDGE_CURVE('',#1378,#1379,#1652,.T.);
#973=EDGE_CURVE('',#1377,#1379,#1653,.T.);
#974=EDGE_CURVE('',#1380,#1381,#1654,.T.);
#975=EDGE_CURVE('',#1380,#1382,#1655,.T.);
#976=EDGE_CURVE('',#1382,#1383,#1656,.T.);
#977=EDGE_CURVE('',#1381,#1383,#1657,.T.);
#978=EDGE_CURVE('',#1384,#1385,#1658,.T.);
#979=EDGE_CURVE('',#1384,#1386,#1659,.T.);
#980=EDGE_CURVE('',#1387,#1386,#1660,.T.);
#981=EDGE_CURVE('',#1385,#1387,#1661,.T.);
#982=EDGE_CURVE('',#1388,#1389,#1662,.T.);
#983=EDGE_CURVE('',#1388,#1390,#1663,.T.);
#984=EDGE_CURVE('',#1390,#1391,#1664,.T.);
#985=EDGE_CURVE('',#1389,#1391,#1665,.T.);
#986=EDGE_CURVE('',#1330,#1264,#1666,.T.);
#987=EDGE_CURVE('',#1331,#1267,#1667,.T.);
#988=EDGE_CURVE('',#1392,#1393,#1668,.T.);
#989=EDGE_CURVE('',#1394,#1393,#1669,.T.);
#990=EDGE_CURVE('',#1395,#1394,#1670,.T.);
#991=EDGE_CURVE('',#1395,#1392,#1671,.T.);
#992=EDGE_CURVE('',#1384,#1395,#1672,.T.);
#993=EDGE_CURVE('',#1394,#1386,#1673,.T.);
#994=EDGE_CURVE('',#1385,#1392,#1674,.T.);
#995=EDGE_CURVE('',#1393,#1387,#1675,.T.);
#996=EDGE_CURVE('',#1396,#1397,#1676,.T.);
#997=EDGE_CURVE('',#1398,#1397,#1677,.T.);
#998=EDGE_CURVE('',#1399,#1398,#1678,.T.);
#999=EDGE_CURVE('',#1399,#1396,#1679,.T.);
#1000=EDGE_CURVE('',#1380,#1399,#1680,.T.);
#1001=EDGE_CURVE('',#1398,#1382,#1681,.T.);
#1002=EDGE_CURVE('',#1381,#1396,#1682,.T.);
#1003=EDGE_CURVE('',#1397,#1383,#1683,.T.);
#1004=EDGE_CURVE('',#1400,#1401,#1684,.T.);
#1005=EDGE_CURVE('',#1402,#1401,#1685,.T.);
#1006=EDGE_CURVE('',#1403,#1402,#1686,.T.);
#1007=EDGE_CURVE('',#1403,#1400,#1687,.T.);
#1008=EDGE_CURVE('',#1376,#1403,#1688,.T.);
#1009=EDGE_CURVE('',#1402,#1378,#1689,.T.);
#1010=EDGE_CURVE('',#1377,#1400,#1690,.T.);
#1011=EDGE_CURVE('',#1401,#1379,#1691,.T.);
#1012=EDGE_CURVE('',#1404,#1405,#1692,.T.);
#1013=EDGE_CURVE('',#1406,#1405,#1693,.T.);
#1014=EDGE_CURVE('',#1407,#1406,#1694,.T.);
#1015=EDGE_CURVE('',#1407,#1404,#1695,.T.);
#1016=EDGE_CURVE('',#1372,#1407,#1696,.T.);
#1017=EDGE_CURVE('',#1406,#1374,#1697,.T.);
#1018=EDGE_CURVE('',#1373,#1404,#1698,.T.);
#1019=EDGE_CURVE('',#1405,#1375,#1699,.T.);
#1020=EDGE_CURVE('',#1408,#1409,#1700,.T.);
#1021=EDGE_CURVE('',#1410,#1409,#1701,.T.);
#1022=EDGE_CURVE('',#1411,#1410,#1702,.T.);
#1023=EDGE_CURVE('',#1411,#1408,#1703,.T.);
#1024=EDGE_CURVE('',#1368,#1411,#1704,.T.);
#1025=EDGE_CURVE('',#1410,#1370,#1705,.T.);
#1026=EDGE_CURVE('',#1369,#1408,#1706,.T.);
#1027=EDGE_CURVE('',#1409,#1371,#1707,.T.);
#1028=EDGE_CURVE('',#1412,#1413,#1708,.T.);
#1029=EDGE_CURVE('',#1414,#1413,#1709,.T.);
#1030=EDGE_CURVE('',#1415,#1414,#1710,.T.);
#1031=EDGE_CURVE('',#1415,#1412,#1711,.T.);
#1032=EDGE_CURVE('',#1364,#1415,#1712,.T.);
#1033=EDGE_CURVE('',#1414,#1366,#1713,.T.);
#1034=EDGE_CURVE('',#1365,#1412,#1714,.T.);
#1035=EDGE_CURVE('',#1413,#1367,#1715,.T.);
#1036=EDGE_CURVE('',#1416,#1417,#1716,.T.);
#1037=EDGE_CURVE('',#1418,#1417,#1717,.T.);
#1038=EDGE_CURVE('',#1419,#1418,#1718,.T.);
#1039=EDGE_CURVE('',#1419,#1416,#1719,.T.);
#1040=EDGE_CURVE('',#1360,#1419,#1720,.T.);
#1041=EDGE_CURVE('',#1418,#1362,#1721,.T.);
#1042=EDGE_CURVE('',#1361,#1416,#1722,.T.);
#1043=EDGE_CURVE('',#1417,#1363,#1723,.T.);
#1044=EDGE_CURVE('',#1420,#1421,#1724,.T.);
#1045=EDGE_CURVE('',#1422,#1421,#1725,.T.);
#1046=EDGE_CURVE('',#1423,#1422,#1726,.T.);
#1047=EDGE_CURVE('',#1423,#1420,#1727,.T.);
#1048=EDGE_CURVE('',#1356,#1423,#1728,.T.);
#1049=EDGE_CURVE('',#1422,#1358,#1729,.T.);
#1050=EDGE_CURVE('',#1357,#1420,#1730,.T.);
#1051=EDGE_CURVE('',#1421,#1359,#1731,.T.);
#1052=EDGE_CURVE('',#1424,#1425,#1732,.T.);
#1053=EDGE_CURVE('',#1426,#1425,#1733,.T.);
#1054=EDGE_CURVE('',#1427,#1426,#1734,.T.);
#1055=EDGE_CURVE('',#1427,#1424,#1735,.T.);
#1056=EDGE_CURVE('',#1352,#1427,#1736,.T.);
#1057=EDGE_CURVE('',#1426,#1354,#1737,.T.);
#1058=EDGE_CURVE('',#1353,#1424,#1738,.T.);
#1059=EDGE_CURVE('',#1425,#1355,#1739,.T.);
#1060=EDGE_CURVE('',#1428,#1429,#1740,.T.);
#1061=EDGE_CURVE('',#1430,#1429,#1741,.T.);
#1062=EDGE_CURVE('',#1431,#1430,#1742,.T.);
#1063=EDGE_CURVE('',#1431,#1428,#1743,.T.);
#1064=EDGE_CURVE('',#1348,#1431,#1744,.T.);
#1065=EDGE_CURVE('',#1430,#1350,#1745,.T.);
#1066=EDGE_CURVE('',#1349,#1428,#1746,.T.);
#1067=EDGE_CURVE('',#1429,#1351,#1747,.T.);
#1068=EDGE_CURVE('',#1432,#1433,#1748,.T.);
#1069=EDGE_CURVE('',#1434,#1433,#1749,.T.);
#1070=EDGE_CURVE('',#1435,#1434,#1750,.T.);
#1071=EDGE_CURVE('',#1435,#1432,#1751,.T.);
#1072=EDGE_CURVE('',#1344,#1435,#1752,.T.);
#1073=EDGE_CURVE('',#1434,#1346,#1753,.T.);
#1074=EDGE_CURVE('',#1345,#1432,#1754,.T.);
#1075=EDGE_CURVE('',#1433,#1347,#1755,.T.);
#1076=EDGE_CURVE('',#1436,#1437,#1756,.T.);
#1077=EDGE_CURVE('',#1438,#1437,#1757,.T.);
#1078=EDGE_CURVE('',#1439,#1438,#1758,.T.);
#1079=EDGE_CURVE('',#1439,#1436,#1759,.T.);
#1080=EDGE_CURVE('',#1340,#1439,#1760,.T.);
#1081=EDGE_CURVE('',#1438,#1342,#1761,.T.);
#1082=EDGE_CURVE('',#1341,#1436,#1762,.T.);
#1083=EDGE_CURVE('',#1437,#1343,#1763,.T.);
#1084=EDGE_CURVE('',#1440,#1441,#1764,.T.);
#1085=EDGE_CURVE('',#1442,#1441,#1765,.T.);
#1086=EDGE_CURVE('',#1443,#1442,#1766,.T.);
#1087=EDGE_CURVE('',#1443,#1440,#1767,.T.);
#1088=EDGE_CURVE('',#1336,#1443,#1768,.T.);
#1089=EDGE_CURVE('',#1442,#1338,#1769,.T.);
#1090=EDGE_CURVE('',#1337,#1440,#1770,.T.);
#1091=EDGE_CURVE('',#1441,#1339,#1771,.T.);
#1092=EDGE_CURVE('',#1444,#1445,#1772,.T.);
#1093=EDGE_CURVE('',#1446,#1445,#1773,.T.);
#1094=EDGE_CURVE('',#1447,#1446,#1774,.T.);
#1095=EDGE_CURVE('',#1447,#1444,#1775,.T.);
#1096=EDGE_CURVE('',#1332,#1447,#1776,.T.);
#1097=EDGE_CURVE('',#1446,#1334,#1777,.T.);
#1098=EDGE_CURVE('',#1333,#1444,#1778,.T.);
#1099=EDGE_CURVE('',#1445,#1335,#1779,.T.);
#1100=EDGE_CURVE('',#1388,#1448,#1780,.T.);
#1101=EDGE_CURVE('',#1389,#1449,#1781,.T.);
#1102=EDGE_CURVE('',#1448,#1449,#1782,.T.);
#1103=EDGE_CURVE('',#1448,#1450,#1783,.T.);
#1104=EDGE_CURVE('',#1450,#1390,#1784,.T.);
#1105=EDGE_CURVE('',#1451,#1391,#1785,.T.);
#1106=EDGE_CURVE('',#1449,#1451,#1786,.T.);
#1107=EDGE_CURVE('',#1450,#1451,#1787,.T.);
#1108=EDGE_CURVE('',#1452,#1453,#1788,.T.);
#1109=EDGE_CURVE('',#1454,#1453,#1789,.T.);
#1110=EDGE_CURVE('',#1455,#1454,#1790,.T.);
#1111=EDGE_CURVE('',#1455,#1452,#1791,.T.);
#1112=EDGE_CURVE('',#1320,#1455,#1792,.T.);
#1113=EDGE_CURVE('',#1454,#1322,#1793,.T.);
#1114=EDGE_CURVE('',#1321,#1452,#1794,.T.);
#1115=EDGE_CURVE('',#1453,#1323,#1795,.T.);
#1116=EDGE_CURVE('',#1456,#1457,#1796,.T.);
#1117=EDGE_CURVE('',#1458,#1457,#1797,.T.);
#1118=EDGE_CURVE('',#1459,#1458,#1798,.T.);
#1119=EDGE_CURVE('',#1459,#1456,#1799,.T.);
#1120=EDGE_CURVE('',#1316,#1459,#1800,.T.);
#1121=EDGE_CURVE('',#1458,#1318,#1801,.T.);
#1122=EDGE_CURVE('',#1317,#1456,#1802,.T.);
#1123=EDGE_CURVE('',#1457,#1319,#1803,.T.);
#1124=EDGE_CURVE('',#1460,#1461,#1804,.T.);
#1125=EDGE_CURVE('',#1462,#1461,#1805,.T.);
#1126=EDGE_CURVE('',#1463,#1462,#1806,.T.);
#1127=EDGE_CURVE('',#1463,#1460,#1807,.T.);
#1128=EDGE_CURVE('',#1312,#1463,#1808,.T.);
#1129=EDGE_CURVE('',#1462,#1314,#1809,.T.);
#1130=EDGE_CURVE('',#1313,#1460,#1810,.T.);
#1131=EDGE_CURVE('',#1461,#1315,#1811,.T.);
#1132=EDGE_CURVE('',#1464,#1465,#1812,.T.);
#1133=EDGE_CURVE('',#1466,#1465,#1813,.T.);
#1134=EDGE_CURVE('',#1467,#1466,#1814,.T.);
#1135=EDGE_CURVE('',#1467,#1464,#1815,.T.);
#1136=EDGE_CURVE('',#1308,#1467,#1816,.T.);
#1137=EDGE_CURVE('',#1466,#1310,#1817,.T.);
#1138=EDGE_CURVE('',#1309,#1464,#1818,.T.);
#1139=EDGE_CURVE('',#1465,#1311,#1819,.T.);
#1140=EDGE_CURVE('',#1468,#1469,#1820,.T.);
#1141=EDGE_CURVE('',#1470,#1469,#1821,.T.);
#1142=EDGE_CURVE('',#1471,#1470,#1822,.T.);
#1143=EDGE_CURVE('',#1471,#1468,#1823,.T.);
#1144=EDGE_CURVE('',#1304,#1471,#1824,.T.);
#1145=EDGE_CURVE('',#1470,#1306,#1825,.T.);
#1146=EDGE_CURVE('',#1305,#1468,#1826,.T.);
#1147=EDGE_CURVE('',#1469,#1307,#1827,.T.);
#1148=EDGE_CURVE('',#1472,#1473,#1828,.T.);
#1149=EDGE_CURVE('',#1474,#1473,#1829,.T.);
#1150=EDGE_CURVE('',#1475,#1474,#1830,.T.);
#1151=EDGE_CURVE('',#1475,#1472,#1831,.T.);
#1152=EDGE_CURVE('',#1300,#1475,#1832,.T.);
#1153=EDGE_CURVE('',#1474,#1302,#1833,.T.);
#1154=EDGE_CURVE('',#1301,#1472,#1834,.T.);
#1155=EDGE_CURVE('',#1473,#1303,#1835,.T.);
#1156=EDGE_CURVE('',#1476,#1477,#1836,.T.);
#1157=EDGE_CURVE('',#1478,#1477,#1837,.T.);
#1158=EDGE_CURVE('',#1479,#1478,#1838,.T.);
#1159=EDGE_CURVE('',#1479,#1476,#1839,.T.);
#1160=EDGE_CURVE('',#1296,#1479,#1840,.T.);
#1161=EDGE_CURVE('',#1478,#1298,#1841,.T.);
#1162=EDGE_CURVE('',#1297,#1476,#1842,.T.);
#1163=EDGE_CURVE('',#1477,#1299,#1843,.T.);
#1164=EDGE_CURVE('',#1480,#1481,#1844,.T.);
#1165=EDGE_CURVE('',#1482,#1481,#1845,.T.);
#1166=EDGE_CURVE('',#1483,#1482,#1846,.T.);
#1167=EDGE_CURVE('',#1483,#1480,#1847,.T.);
#1168=EDGE_CURVE('',#1292,#1483,#1848,.T.);
#1169=EDGE_CURVE('',#1482,#1294,#1849,.T.);
#1170=EDGE_CURVE('',#1293,#1480,#1850,.T.);
#1171=EDGE_CURVE('',#1481,#1295,#1851,.T.);
#1172=EDGE_CURVE('',#1484,#1485,#1852,.T.);
#1173=EDGE_CURVE('',#1486,#1485,#1853,.T.);
#1174=EDGE_CURVE('',#1487,#1486,#1854,.T.);
#1175=EDGE_CURVE('',#1487,#1484,#1855,.T.);
#1176=EDGE_CURVE('',#1288,#1487,#1856,.T.);
#1177=EDGE_CURVE('',#1486,#1290,#1857,.T.);
#1178=EDGE_CURVE('',#1289,#1484,#1858,.T.);
#1179=EDGE_CURVE('',#1485,#1291,#1859,.T.);
#1180=EDGE_CURVE('',#1488,#1489,#1860,.T.);
#1181=EDGE_CURVE('',#1490,#1489,#1861,.T.);
#1182=EDGE_CURVE('',#1491,#1490,#1862,.T.);
#1183=EDGE_CURVE('',#1491,#1488,#1863,.T.);
#1184=EDGE_CURVE('',#1284,#1491,#1864,.T.);
#1185=EDGE_CURVE('',#1490,#1286,#1865,.T.);
#1186=EDGE_CURVE('',#1285,#1488,#1866,.T.);
#1187=EDGE_CURVE('',#1489,#1287,#1867,.T.);
#1188=EDGE_CURVE('',#1492,#1493,#1868,.T.);
#1189=EDGE_CURVE('',#1494,#1493,#1869,.T.);
#1190=EDGE_CURVE('',#1495,#1494,#1870,.T.);
#1191=EDGE_CURVE('',#1495,#1492,#1871,.T.);
#1192=EDGE_CURVE('',#1280,#1495,#1872,.T.);
#1193=EDGE_CURVE('',#1494,#1282,#1873,.T.);
#1194=EDGE_CURVE('',#1281,#1492,#1874,.T.);
#1195=EDGE_CURVE('',#1493,#1283,#1875,.T.);
#1196=EDGE_CURVE('',#1496,#1497,#1876,.T.);
#1197=EDGE_CURVE('',#1498,#1497,#1877,.T.);
#1198=EDGE_CURVE('',#1499,#1498,#1878,.T.);
#1199=EDGE_CURVE('',#1499,#1496,#1879,.T.);
#1200=EDGE_CURVE('',#1276,#1499,#1880,.T.);
#1201=EDGE_CURVE('',#1498,#1278,#1881,.T.);
#1202=EDGE_CURVE('',#1277,#1496,#1882,.T.);
#1203=EDGE_CURVE('',#1497,#1279,#1883,.T.);
#1204=EDGE_CURVE('',#1500,#1501,#1884,.T.);
#1205=EDGE_CURVE('',#1502,#1501,#1885,.T.);
#1206=EDGE_CURVE('',#1503,#1502,#1886,.T.);
#1207=EDGE_CURVE('',#1503,#1500,#1887,.T.);
#1208=EDGE_CURVE('',#1272,#1503,#1888,.T.);
#1209=EDGE_CURVE('',#1502,#1274,#1889,.T.);
#1210=EDGE_CURVE('',#1273,#1500,#1890,.T.);
#1211=EDGE_CURVE('',#1501,#1275,#1891,.T.);
#1212=EDGE_CURVE('',#1504,#1505,#1892,.T.);
#1213=EDGE_CURVE('',#1506,#1505,#1893,.T.);
#1214=EDGE_CURVE('',#1507,#1506,#1894,.T.);
#1215=EDGE_CURVE('',#1507,#1504,#1895,.T.);
#1216=EDGE_CURVE('',#1268,#1507,#1896,.T.);
#1217=EDGE_CURVE('',#1506,#1270,#1897,.T.);
#1218=EDGE_CURVE('',#1269,#1504,#1898,.T.);
#1219=EDGE_CURVE('',#1505,#1271,#1899,.T.);
#1220=EDGE_CURVE('',#1324,#1508,#1900,.T.);
#1221=EDGE_CURVE('',#1325,#1509,#1901,.T.);
#1222=EDGE_CURVE('',#1508,#1509,#1902,.T.);
#1223=EDGE_CURVE('',#1508,#1510,#1903,.T.);
#1224=EDGE_CURVE('',#1510,#1326,#1904,.T.);
#1225=EDGE_CURVE('',#1511,#1327,#1905,.T.);
#1226=EDGE_CURVE('',#1509,#1511,#1906,.T.);
#1227=EDGE_CURVE('',#1510,#1511,#1907,.T.);
#1228=EDGE_CURVE('',#1512,#1513,#1908,.T.);
#1229=EDGE_CURVE('',#1514,#1512,#1909,.T.);
#1230=EDGE_CURVE('',#1515,#1514,#1910,.T.);
#1231=EDGE_CURVE('',#1516,#1515,#1911,.T.);
#1232=EDGE_CURVE('',#1516,#1517,#1912,.T.);
#1233=EDGE_CURVE('',#1517,#1513,#1913,.T.);
#1234=EDGE_CURVE('',#1518,#1512,#1914,.T.);
#1235=EDGE_CURVE('',#1519,#1518,#1915,.T.);
#1236=EDGE_CURVE('',#1519,#1514,#1916,.T.);
#1237=EDGE_CURVE('',#1520,#1518,#1917,.T.);
#1238=EDGE_CURVE('',#1520,#1521,#1918,.T.);
#1239=EDGE_CURVE('',#1522,#1521,#1919,.T.);
#1240=EDGE_CURVE('',#1523,#1522,#1920,.T.);
#1241=EDGE_CURVE('',#1519,#1523,#1921,.T.);
#1242=EDGE_CURVE('',#1515,#1523,#1922,.T.);
#1243=EDGE_CURVE('',#1522,#1524,#20,.T.);
#1244=EDGE_CURVE('',#1524,#1525,#1923,.T.);
#1245=EDGE_CURVE('',#1525,#1526,#1924,.T.);
#1246=EDGE_CURVE('',#1526,#1527,#1925,.T.);
#1247=EDGE_CURVE('',#1527,#1528,#1926,.T.);
#1248=EDGE_CURVE('',#1528,#1529,#21,.T.);
#1249=EDGE_CURVE('',#1529,#1516,#1927,.T.);
#1250=EDGE_CURVE('',#1513,#1520,#1928,.T.);
#1251=EDGE_CURVE('',#1530,#1517,#1929,.T.);
#1252=EDGE_CURVE('',#1531,#1530,#22,.T.);
#1253=EDGE_CURVE('',#1532,#1531,#1930,.T.);
#1254=EDGE_CURVE('',#1533,#1532,#1931,.T.);
#1255=EDGE_CURVE('',#1534,#1533,#1932,.T.);
#1256=EDGE_CURVE('',#1535,#1534,#1933,.T.);
#1257=EDGE_CURVE('',#1521,#1535,#23,.T.);
#1258=EDGE_CURVE('',#1526,#1533,#1934,.T.);
#1259=EDGE_CURVE('',#1525,#1534,#1935,.T.);
#1260=EDGE_CURVE('',#1527,#1532,#1936,.T.);
#1261=EDGE_CURVE('',#1528,#1531,#1937,.T.);
#1262=EDGE_CURVE('',#1529,#1530,#1938,.T.);
#1263=EDGE_CURVE('',#1524,#1535,#1939,.T.);
#1264=VERTEX_POINT('',#5135);
#1265=VERTEX_POINT('',#5136);
#1266=VERTEX_POINT('',#5138);
#1267=VERTEX_POINT('',#5140);
#1268=VERTEX_POINT('',#5144);
#1269=VERTEX_POINT('',#5145);
#1270=VERTEX_POINT('',#5147);
#1271=VERTEX_POINT('',#5149);
#1272=VERTEX_POINT('',#5152);
#1273=VERTEX_POINT('',#5153);
#1274=VERTEX_POINT('',#5155);
#1275=VERTEX_POINT('',#5157);
#1276=VERTEX_POINT('',#5160);
#1277=VERTEX_POINT('',#5161);
#1278=VERTEX_POINT('',#5163);
#1279=VERTEX_POINT('',#5165);
#1280=VERTEX_POINT('',#5168);
#1281=VERTEX_POINT('',#5169);
#1282=VERTEX_POINT('',#5171);
#1283=VERTEX_POINT('',#5173);
#1284=VERTEX_POINT('',#5176);
#1285=VERTEX_POINT('',#5177);
#1286=VERTEX_POINT('',#5179);
#1287=VERTEX_POINT('',#5181);
#1288=VERTEX_POINT('',#5184);
#1289=VERTEX_POINT('',#5185);
#1290=VERTEX_POINT('',#5187);
#1291=VERTEX_POINT('',#5189);
#1292=VERTEX_POINT('',#5192);
#1293=VERTEX_POINT('',#5193);
#1294=VERTEX_POINT('',#5195);
#1295=VERTEX_POINT('',#5197);
#1296=VERTEX_POINT('',#5200);
#1297=VERTEX_POINT('',#5201);
#1298=VERTEX_POINT('',#5203);
#1299=VERTEX_POINT('',#5205);
#1300=VERTEX_POINT('',#5208);
#1301=VERTEX_POINT('',#5209);
#1302=VERTEX_POINT('',#5211);
#1303=VERTEX_POINT('',#5213);
#1304=VERTEX_POINT('',#5216);
#1305=VERTEX_POINT('',#5217);
#1306=VERTEX_POINT('',#5219);
#1307=VERTEX_POINT('',#5221);
#1308=VERTEX_POINT('',#5224);
#1309=VERTEX_POINT('',#5225);
#1310=VERTEX_POINT('',#5227);
#1311=VERTEX_POINT('',#5229);
#1312=VERTEX_POINT('',#5232);
#1313=VERTEX_POINT('',#5233);
#1314=VERTEX_POINT('',#5235);
#1315=VERTEX_POINT('',#5237);
#1316=VERTEX_POINT('',#5240);
#1317=VERTEX_POINT('',#5241);
#1318=VERTEX_POINT('',#5243);
#1319=VERTEX_POINT('',#5245);
#1320=VERTEX_POINT('',#5248);
#1321=VERTEX_POINT('',#5249);
#1322=VERTEX_POINT('',#5251);
#1323=VERTEX_POINT('',#5253);
#1324=VERTEX_POINT('',#5256);
#1325=VERTEX_POINT('',#5257);
#1326=VERTEX_POINT('',#5259);
#1327=VERTEX_POINT('',#5261);
#1328=VERTEX_POINT('',#5264);
#1329=VERTEX_POINT('',#5266);
#1330=VERTEX_POINT('',#5270);
#1331=VERTEX_POINT('',#5272);
#1332=VERTEX_POINT('',#5276);
#1333=VERTEX_POINT('',#5277);
#1334=VERTEX_POINT('',#5279);
#1335=VERTEX_POINT('',#5281);
#1336=VERTEX_POINT('',#5284);
#1337=VERTEX_POINT('',#5285);
#1338=VERTEX_POINT('',#5287);
#1339=VERTEX_POINT('',#5289);
#1340=VERTEX_POINT('',#5292);
#1341=VERTEX_POINT('',#5293);
#1342=VERTEX_POINT('',#5295);
#1343=VERTEX_POINT('',#5297);
#1344=VERTEX_POINT('',#5300);
#1345=VERTEX_POINT('',#5301);
#1346=VERTEX_POINT('',#5303);
#1347=VERTEX_POINT('',#5305);
#1348=VERTEX_POINT('',#5308);
#1349=VERTEX_POINT('',#5309);
#1350=VERTEX_POINT('',#5311);
#1351=VERTEX_POINT('',#5313);
#1352=VERTEX_POINT('',#5316);
#1353=VERTEX_POINT('',#5317);
#1354=VERTEX_POINT('',#5319);
#1355=VERTEX_POINT('',#5321);
#1356=VERTEX_POINT('',#5324);
#1357=VERTEX_POINT('',#5325);
#1358=VERTEX_POINT('',#5327);
#1359=VERTEX_POINT('',#5329);
#1360=VERTEX_POINT('',#5332);
#1361=VERTEX_POINT('',#5333);
#1362=VERTEX_POINT('',#5335);
#1363=VERTEX_POINT('',#5337);
#1364=VERTEX_POINT('',#5340);
#1365=VERTEX_POINT('',#5341);
#1366=VERTEX_POINT('',#5343);
#1367=VERTEX_POINT('',#5345);
#1368=VERTEX_POINT('',#5348);
#1369=VERTEX_POINT('',#5349);
#1370=VERTEX_POINT('',#5351);
#1371=VERTEX_POINT('',#5353);
#1372=VERTEX_POINT('',#5356);
#1373=VERTEX_POINT('',#5357);
#1374=VERTEX_POINT('',#5359);
#1375=VERTEX_POINT('',#5361);
#1376=VERTEX_POINT('',#5364);
#1377=VERTEX_POINT('',#5365);
#1378=VERTEX_POINT('',#5367);
#1379=VERTEX_POINT('',#5369);
#1380=VERTEX_POINT('',#5372);
#1381=VERTEX_POINT('',#5373);
#1382=VERTEX_POINT('',#5375);
#1383=VERTEX_POINT('',#5377);
#1384=VERTEX_POINT('',#5380);
#1385=VERTEX_POINT('',#5381);
#1386=VERTEX_POINT('',#5383);
#1387=VERTEX_POINT('',#5385);
#1388=VERTEX_POINT('',#5388);
#1389=VERTEX_POINT('',#5389);
#1390=VERTEX_POINT('',#5391);
#1391=VERTEX_POINT('',#5393);
#1392=VERTEX_POINT('',#5401);
#1393=VERTEX_POINT('',#5402);
#1394=VERTEX_POINT('',#5404);
#1395=VERTEX_POINT('',#5406);
#1396=VERTEX_POINT('',#5418);
#1397=VERTEX_POINT('',#5419);
#1398=VERTEX_POINT('',#5421);
#1399=VERTEX_POINT('',#5423);
#1400=VERTEX_POINT('',#5435);
#1401=VERTEX_POINT('',#5436);
#1402=VERTEX_POINT('',#5438);
#1403=VERTEX_POINT('',#5440);
#1404=VERTEX_POINT('',#5452);
#1405=VERTEX_POINT('',#5453);
#1406=VERTEX_POINT('',#5455);
#1407=VERTEX_POINT('',#5457);
#1408=VERTEX_POINT('',#5469);
#1409=VERTEX_POINT('',#5470);
#1410=VERTEX_POINT('',#5472);
#1411=VERTEX_POINT('',#5474);
#1412=VERTEX_POINT('',#5486);
#1413=VERTEX_POINT('',#5487);
#1414=VERTEX_POINT('',#5489);
#1415=VERTEX_POINT('',#5491);
#1416=VERTEX_POINT('',#5503);
#1417=VERTEX_POINT('',#5504);
#1418=VERTEX_POINT('',#5506);
#1419=VERTEX_POINT('',#5508);
#1420=VERTEX_POINT('',#5520);
#1421=VERTEX_POINT('',#5521);
#1422=VERTEX_POINT('',#5523);
#1423=VERTEX_POINT('',#5525);
#1424=VERTEX_POINT('',#5537);
#1425=VERTEX_POINT('',#5538);
#1426=VERTEX_POINT('',#5540);
#1427=VERTEX_POINT('',#5542);
#1428=VERTEX_POINT('',#5554);
#1429=VERTEX_POINT('',#5555);
#1430=VERTEX_POINT('',#5557);
#1431=VERTEX_POINT('',#5559);
#1432=VERTEX_POINT('',#5571);
#1433=VERTEX_POINT('',#5572);
#1434=VERTEX_POINT('',#5574);
#1435=VERTEX_POINT('',#5576);
#1436=VERTEX_POINT('',#5588);
#1437=VERTEX_POINT('',#5589);
#1438=VERTEX_POINT('',#5591);
#1439=VERTEX_POINT('',#5593);
#1440=VERTEX_POINT('',#5605);
#1441=VERTEX_POINT('',#5606);
#1442=VERTEX_POINT('',#5608);
#1443=VERTEX_POINT('',#5610);
#1444=VERTEX_POINT('',#5622);
#1445=VERTEX_POINT('',#5623);
#1446=VERTEX_POINT('',#5625);
#1447=VERTEX_POINT('',#5627);
#1448=VERTEX_POINT('',#5639);
#1449=VERTEX_POINT('',#5641);
#1450=VERTEX_POINT('',#5645);
#1451=VERTEX_POINT('',#5649);
#1452=VERTEX_POINT('',#5656);
#1453=VERTEX_POINT('',#5657);
#1454=VERTEX_POINT('',#5659);
#1455=VERTEX_POINT('',#5661);
#1456=VERTEX_POINT('',#5673);
#1457=VERTEX_POINT('',#5674);
#1458=VERTEX_POINT('',#5676);
#1459=VERTEX_POINT('',#5678);
#1460=VERTEX_POINT('',#5690);
#1461=VERTEX_POINT('',#5691);
#1462=VERTEX_POINT('',#5693);
#1463=VERTEX_POINT('',#5695);
#1464=VERTEX_POINT('',#5707);
#1465=VERTEX_POINT('',#5708);
#1466=VERTEX_POINT('',#5710);
#1467=VERTEX_POINT('',#5712);
#1468=VERTEX_POINT('',#5724);
#1469=VERTEX_POINT('',#5725);
#1470=VERTEX_POINT('',#5727);
#1471=VERTEX_POINT('',#5729);
#1472=VERTEX_POINT('',#5741);
#1473=VERTEX_POINT('',#5742);
#1474=VERTEX_POINT('',#5744);
#1475=VERTEX_POINT('',#5746);
#1476=VERTEX_POINT('',#5758);
#1477=VERTEX_POINT('',#5759);
#1478=VERTEX_POINT('',#5761);
#1479=VERTEX_POINT('',#5763);
#1480=VERTEX_POINT('',#5775);
#1481=VERTEX_POINT('',#5776);
#1482=VERTEX_POINT('',#5778);
#1483=VERTEX_POINT('',#5780);
#1484=VERTEX_POINT('',#5792);
#1485=VERTEX_POINT('',#5793);
#1486=VERTEX_POINT('',#5795);
#1487=VERTEX_POINT('',#5797);
#1488=VERTEX_POINT('',#5809);
#1489=VERTEX_POINT('',#5810);
#1490=VERTEX_POINT('',#5812);
#1491=VERTEX_POINT('',#5814);
#1492=VERTEX_POINT('',#5826);
#1493=VERTEX_POINT('',#5827);
#1494=VERTEX_POINT('',#5829);
#1495=VERTEX_POINT('',#5831);
#1496=VERTEX_POINT('',#5843);
#1497=VERTEX_POINT('',#5844);
#1498=VERTEX_POINT('',#5846);
#1499=VERTEX_POINT('',#5848);
#1500=VERTEX_POINT('',#5860);
#1501=VERTEX_POINT('',#5861);
#1502=VERTEX_POINT('',#5863);
#1503=VERTEX_POINT('',#5865);
#1504=VERTEX_POINT('',#5877);
#1505=VERTEX_POINT('',#5878);
#1506=VERTEX_POINT('',#5880);
#1507=VERTEX_POINT('',#5882);
#1508=VERTEX_POINT('',#5894);
#1509=VERTEX_POINT('',#5896);
#1510=VERTEX_POINT('',#5900);
#1511=VERTEX_POINT('',#5904);
#1512=VERTEX_POINT('',#5912);
#1513=VERTEX_POINT('',#5913);
#1514=VERTEX_POINT('',#5915);
#1515=VERTEX_POINT('',#5917);
#1516=VERTEX_POINT('',#5919);
#1517=VERTEX_POINT('',#5921);
#1518=VERTEX_POINT('',#5925);
#1519=VERTEX_POINT('',#5927);
#1520=VERTEX_POINT('',#5931);
#1521=VERTEX_POINT('',#5933);
#1522=VERTEX_POINT('',#5935);
#1523=VERTEX_POINT('',#5937);
#1524=VERTEX_POINT('',#5942);
#1525=VERTEX_POINT('',#5944);
#1526=VERTEX_POINT('',#5946);
#1527=VERTEX_POINT('',#5948);
#1528=VERTEX_POINT('',#5950);
#1529=VERTEX_POINT('',#5952);
#1530=VERTEX_POINT('',#5957);
#1531=VERTEX_POINT('',#5959);
#1532=VERTEX_POINT('',#5961);
#1533=VERTEX_POINT('',#5963);
#1534=VERTEX_POINT('',#5965);
#1535=VERTEX_POINT('',#5967);
#1536=LINE('',#5134,#1940);
#1537=LINE('',#5137,#1941);
#1538=LINE('',#5139,#1942);
#1539=LINE('',#5141,#1943);
#1540=LINE('',#5143,#1944);
#1541=LINE('',#5146,#1945);
#1542=LINE('',#5148,#1946);
#1543=LINE('',#5150,#1947);
#1544=LINE('',#5151,#1948);
#1545=LINE('',#5154,#1949);
#1546=LINE('',#5156,#1950);
#1547=LINE('',#5158,#1951);
#1548=LINE('',#5159,#1952);
#1549=LINE('',#5162,#1953);
#1550=LINE('',#5164,#1954);
#1551=LINE('',#5166,#1955);
#1552=LINE('',#5167,#1956);
#1553=LINE('',#5170,#1957);
#1554=LINE('',#5172,#1958);
#1555=LINE('',#5174,#1959);
#1556=LINE('',#5175,#1960);
#1557=LINE('',#5178,#1961);
#1558=LINE('',#5180,#1962);
#1559=LINE('',#5182,#1963);
#1560=LINE('',#5183,#1964);
#1561=LINE('',#5186,#1965);
#1562=LINE('',#5188,#1966);
#1563=LINE('',#5190,#1967);
#1564=LINE('',#5191,#1968);
#1565=LINE('',#5194,#1969);
#1566=LINE('',#5196,#1970);
#1567=LINE('',#5198,#1971);
#1568=LINE('',#5199,#1972);
#1569=LINE('',#5202,#1973);
#1570=LINE('',#5204,#1974);
#1571=LINE('',#5206,#1975);
#1572=LINE('',#5207,#1976);
#1573=LINE('',#5210,#1977);
#1574=LINE('',#5212,#1978);
#1575=LINE('',#5214,#1979);
#1576=LINE('',#5215,#1980);
#1577=LINE('',#5218,#1981);
#1578=LINE('',#5220,#1982);
#1579=LINE('',#5222,#1983);
#1580=LINE('',#5223,#1984);
#1581=LINE('',#5226,#1985);
#1582=LINE('',#5228,#1986);
#1583=LINE('',#5230,#1987);
#1584=LINE('',#5231,#1988);
#1585=LINE('',#5234,#1989);
#1586=LINE('',#5236,#1990);
#1587=LINE('',#5238,#1991);
#1588=LINE('',#5239,#1992);
#1589=LINE('',#5242,#1993);
#1590=LINE('',#5244,#1994);
#1591=LINE('',#5246,#1995);
#1592=LINE('',#5247,#1996);
#1593=LINE('',#5250,#1997);
#1594=LINE('',#5252,#1998);
#1595=LINE('',#5254,#1999);
#1596=LINE('',#5255,#2000);
#1597=LINE('',#5258,#2001);
#1598=LINE('',#5260,#2002);
#1599=LINE('',#5262,#2003);
#1600=LINE('',#5263,#2004);
#1601=LINE('',#5265,#2005);
#1602=LINE('',#5267,#2006);
#1603=LINE('',#5269,#2007);
#1604=LINE('',#5271,#2008);
#1605=LINE('',#5273,#2009);
#1606=LINE('',#5275,#2010);
#1607=LINE('',#5278,#2011);
#1608=LINE('',#5280,#2012);
#1609=LINE('',#5282,#2013);
#1610=LINE('',#5283,#2014);
#1611=LINE('',#5286,#2015);
#1612=LINE('',#5288,#2016);
#1613=LINE('',#5290,#2017);
#1614=LINE('',#5291,#2018);
#1615=LINE('',#5294,#2019);
#1616=LINE('',#5296,#2020);
#1617=LINE('',#5298,#2021);
#1618=LINE('',#5299,#2022);
#1619=LINE('',#5302,#2023);
#1620=LINE('',#5304,#2024);
#1621=LINE('',#5306,#2025);
#1622=LINE('',#5307,#2026);
#1623=LINE('',#5310,#2027);
#1624=LINE('',#5312,#2028);
#1625=LINE('',#5314,#2029);
#1626=LINE('',#5315,#2030);
#1627=LINE('',#5318,#2031);
#1628=LINE('',#5320,#2032);
#1629=LINE('',#5322,#2033);
#1630=LINE('',#5323,#2034);
#1631=LINE('',#5326,#2035);
#1632=LINE('',#5328,#2036);
#1633=LINE('',#5330,#2037);
#1634=LINE('',#5331,#2038);
#1635=LINE('',#5334,#2039);
#1636=LINE('',#5336,#2040);
#1637=LINE('',#5338,#2041);
#1638=LINE('',#5339,#2042);
#1639=LINE('',#5342,#2043);
#1640=LINE('',#5344,#2044);
#1641=LINE('',#5346,#2045);
#1642=LINE('',#5347,#2046);
#1643=LINE('',#5350,#2047);
#1644=LINE('',#5352,#2048);
#1645=LINE('',#5354,#2049);
#1646=LINE('',#5355,#2050);
#1647=LINE('',#5358,#2051);
#1648=LINE('',#5360,#2052);
#1649=LINE('',#5362,#2053);
#1650=LINE('',#5363,#2054);
#1651=LINE('',#5366,#2055);
#1652=LINE('',#5368,#2056);
#1653=LINE('',#5370,#2057);
#1654=LINE('',#5371,#2058);
#1655=LINE('',#5374,#2059);
#1656=LINE('',#5376,#2060);
#1657=LINE('',#5378,#2061);
#1658=LINE('',#5379,#2062);
#1659=LINE('',#5382,#2063);
#1660=LINE('',#5384,#2064);
#1661=LINE('',#5386,#2065);
#1662=LINE('',#5387,#2066);
#1663=LINE('',#5390,#2067);
#1664=LINE('',#5392,#2068);
#1665=LINE('',#5394,#2069);
#1666=LINE('',#5395,#2070);
#1667=LINE('',#5396,#2071);
#1668=LINE('',#5400,#2072);
#1669=LINE('',#5403,#2073);
#1670=LINE('',#5405,#2074);
#1671=LINE('',#5407,#2075);
#1672=LINE('',#5409,#2076);
#1673=LINE('',#5410,#2077);
#1674=LINE('',#5412,#2078);
#1675=LINE('',#5413,#2079);
#1676=LINE('',#5417,#2080);
#1677=LINE('',#5420,#2081);
#1678=LINE('',#5422,#2082);
#1679=LINE('',#5424,#2083);
#1680=LINE('',#5426,#2084);
#1681=LINE('',#5427,#2085);
#1682=LINE('',#5429,#2086);
#1683=LINE('',#5430,#2087);
#1684=LINE('',#5434,#2088);
#1685=LINE('',#5437,#2089);
#1686=LINE('',#5439,#2090);
#1687=LINE('',#5441,#2091);
#1688=LINE('',#5443,#2092);
#1689=LINE('',#5444,#2093);
#1690=LINE('',#5446,#2094);
#1691=LINE('',#5447,#2095);
#1692=LINE('',#5451,#2096);
#1693=LINE('',#5454,#2097);
#1694=LINE('',#5456,#2098);
#1695=LINE('',#5458,#2099);
#1696=LINE('',#5460,#2100);
#1697=LINE('',#5461,#2101);
#1698=LINE('',#5463,#2102);
#1699=LINE('',#5464,#2103);
#1700=LINE('',#5468,#2104);
#1701=LINE('',#5471,#2105);
#1702=LINE('',#5473,#2106);
#1703=LINE('',#5475,#2107);
#1704=LINE('',#5477,#2108);
#1705=LINE('',#5478,#2109);
#1706=LINE('',#5480,#2110);
#1707=LINE('',#5481,#2111);
#1708=LINE('',#5485,#2112);
#1709=LINE('',#5488,#2113);
#1710=LINE('',#5490,#2114);
#1711=LINE('',#5492,#2115);
#1712=LINE('',#5494,#2116);
#1713=LINE('',#5495,#2117);
#1714=LINE('',#5497,#2118);
#1715=LINE('',#5498,#2119);
#1716=LINE('',#5502,#2120);
#1717=LINE('',#5505,#2121);
#1718=LINE('',#5507,#2122);
#1719=LINE('',#5509,#2123);
#1720=LINE('',#5511,#2124);
#1721=LINE('',#5512,#2125);
#1722=LINE('',#5514,#2126);
#1723=LINE('',#5515,#2127);
#1724=LINE('',#5519,#2128);
#1725=LINE('',#5522,#2129);
#1726=LINE('',#5524,#2130);
#1727=LINE('',#5526,#2131);
#1728=LINE('',#5528,#2132);
#1729=LINE('',#5529,#2133);
#1730=LINE('',#5531,#2134);
#1731=LINE('',#5532,#2135);
#1732=LINE('',#5536,#2136);
#1733=LINE('',#5539,#2137);
#1734=LINE('',#5541,#2138);
#1735=LINE('',#5543,#2139);
#1736=LINE('',#5545,#2140);
#1737=LINE('',#5546,#2141);
#1738=LINE('',#5548,#2142);
#1739=LINE('',#5549,#2143);
#1740=LINE('',#5553,#2144);
#1741=LINE('',#5556,#2145);
#1742=LINE('',#5558,#2146);
#1743=LINE('',#5560,#2147);
#1744=LINE('',#5562,#2148);
#1745=LINE('',#5563,#2149);
#1746=LINE('',#5565,#2150);
#1747=LINE('',#5566,#2151);
#1748=LINE('',#5570,#2152);
#1749=LINE('',#5573,#2153);
#1750=LINE('',#5575,#2154);
#1751=LINE('',#5577,#2155);
#1752=LINE('',#5579,#2156);
#1753=LINE('',#5580,#2157);
#1754=LINE('',#5582,#2158);
#1755=LINE('',#5583,#2159);
#1756=LINE('',#5587,#2160);
#1757=LINE('',#5590,#2161);
#1758=LINE('',#5592,#2162);
#1759=LINE('',#5594,#2163);
#1760=LINE('',#5596,#2164);
#1761=LINE('',#5597,#2165);
#1762=LINE('',#5599,#2166);
#1763=LINE('',#5600,#2167);
#1764=LINE('',#5604,#2168);
#1765=LINE('',#5607,#2169);
#1766=LINE('',#5609,#2170);
#1767=LINE('',#5611,#2171);
#1768=LINE('',#5613,#2172);
#1769=LINE('',#5614,#2173);
#1770=LINE('',#5616,#2174);
#1771=LINE('',#5617,#2175);
#1772=LINE('',#5621,#2176);
#1773=LINE('',#5624,#2177);
#1774=LINE('',#5626,#2178);
#1775=LINE('',#5628,#2179);
#1776=LINE('',#5630,#2180);
#1777=LINE('',#5631,#2181);
#1778=LINE('',#5633,#2182);
#1779=LINE('',#5634,#2183);
#1780=LINE('',#5638,#2184);
#1781=LINE('',#5640,#2185);
#1782=LINE('',#5642,#2186);
#1783=LINE('',#5644,#2187);
#1784=LINE('',#5646,#2188);
#1785=LINE('',#5648,#2189);
#1786=LINE('',#5650,#2190);
#1787=LINE('',#5652,#2191);
#1788=LINE('',#5655,#2192);
#1789=LINE('',#5658,#2193);
#1790=LINE('',#5660,#2194);
#1791=LINE('',#5662,#2195);
#1792=LINE('',#5664,#2196);
#1793=LINE('',#5665,#2197);
#1794=LINE('',#5667,#2198);
#1795=LINE('',#5668,#2199);
#1796=LINE('',#5672,#2200);
#1797=LINE('',#5675,#2201);
#1798=LINE('',#5677,#2202);
#1799=LINE('',#5679,#2203);
#1800=LINE('',#5681,#2204);
#1801=LINE('',#5682,#2205);
#1802=LINE('',#5684,#2206);
#1803=LINE('',#5685,#2207);
#1804=LINE('',#5689,#2208);
#1805=LINE('',#5692,#2209);
#1806=LINE('',#5694,#2210);
#1807=LINE('',#5696,#2211);
#1808=LINE('',#5698,#2212);
#1809=LINE('',#5699,#2213);
#1810=LINE('',#5701,#2214);
#1811=LINE('',#5702,#2215);
#1812=LINE('',#5706,#2216);
#1813=LINE('',#5709,#2217);
#1814=LINE('',#5711,#2218);
#1815=LINE('',#5713,#2219);
#1816=LINE('',#5715,#2220);
#1817=LINE('',#5716,#2221);
#1818=LINE('',#5718,#2222);
#1819=LINE('',#5719,#2223);
#1820=LINE('',#5723,#2224);
#1821=LINE('',#5726,#2225);
#1822=LINE('',#5728,#2226);
#1823=LINE('',#5730,#2227);
#1824=LINE('',#5732,#2228);
#1825=LINE('',#5733,#2229);
#1826=LINE('',#5735,#2230);
#1827=LINE('',#5736,#2231);
#1828=LINE('',#5740,#2232);
#1829=LINE('',#5743,#2233);
#1830=LINE('',#5745,#2234);
#1831=LINE('',#5747,#2235);
#1832=LINE('',#5749,#2236);
#1833=LINE('',#5750,#2237);
#1834=LINE('',#5752,#2238);
#1835=LINE('',#5753,#2239);
#1836=LINE('',#5757,#2240);
#1837=LINE('',#5760,#2241);
#1838=LINE('',#5762,#2242);
#1839=LINE('',#5764,#2243);
#1840=LINE('',#5766,#2244);
#1841=LINE('',#5767,#2245);
#1842=LINE('',#5769,#2246);
#1843=LINE('',#5770,#2247);
#1844=LINE('',#5774,#2248);
#1845=LINE('',#5777,#2249);
#1846=LINE('',#5779,#2250);
#1847=LINE('',#5781,#2251);
#1848=LINE('',#5783,#2252);
#1849=LINE('',#5784,#2253);
#1850=LINE('',#5786,#2254);
#1851=LINE('',#5787,#2255);
#1852=LINE('',#5791,#2256);
#1853=LINE('',#5794,#2257);
#1854=LINE('',#5796,#2258);
#1855=LINE('',#5798,#2259);
#1856=LINE('',#5800,#2260);
#1857=LINE('',#5801,#2261);
#1858=LINE('',#5803,#2262);
#1859=LINE('',#5804,#2263);
#1860=LINE('',#5808,#2264);
#1861=LINE('',#5811,#2265);
#1862=LINE('',#5813,#2266);
#1863=LINE('',#5815,#2267);
#1864=LINE('',#5817,#2268);
#1865=LINE('',#5818,#2269);
#1866=LINE('',#5820,#2270);
#1867=LINE('',#5821,#2271);
#1868=LINE('',#5825,#2272);
#1869=LINE('',#5828,#2273);
#1870=LINE('',#5830,#2274);
#1871=LINE('',#5832,#2275);
#1872=LINE('',#5834,#2276);
#1873=LINE('',#5835,#2277);
#1874=LINE('',#5837,#2278);
#1875=LINE('',#5838,#2279);
#1876=LINE('',#5842,#2280);
#1877=LINE('',#5845,#2281);
#1878=LINE('',#5847,#2282);
#1879=LINE('',#5849,#2283);
#1880=LINE('',#5851,#2284);
#1881=LINE('',#5852,#2285);
#1882=LINE('',#5854,#2286);
#1883=LINE('',#5855,#2287);
#1884=LINE('',#5859,#2288);
#1885=LINE('',#5862,#2289);
#1886=LINE('',#5864,#2290);
#1887=LINE('',#5866,#2291);
#1888=LINE('',#5868,#2292);
#1889=LINE('',#5869,#2293);
#1890=LINE('',#5871,#2294);
#1891=LINE('',#5872,#2295);
#1892=LINE('',#5876,#2296);
#1893=LINE('',#5879,#2297);
#1894=LINE('',#5881,#2298);
#1895=LINE('',#5883,#2299);
#1896=LINE('',#5885,#2300);
#1897=LINE('',#5886,#2301);
#1898=LINE('',#5888,#2302);
#1899=LINE('',#5889,#2303);
#1900=LINE('',#5893,#2304);
#1901=LINE('',#5895,#2305);
#1902=LINE('',#5897,#2306);
#1903=LINE('',#5899,#2307);
#1904=LINE('',#5901,#2308);
#1905=LINE('',#5903,#2309);
#1906=LINE('',#5905,#2310);
#1907=LINE('',#5907,#2311);
#1908=LINE('',#5911,#2312);
#1909=LINE('',#5914,#2313);
#1910=LINE('',#5916,#2314);
#1911=LINE('',#5918,#2315);
#1912=LINE('',#5920,#2316);
#1913=LINE('',#5922,#2317);
#1914=LINE('',#5924,#2318);
#1915=LINE('',#5926,#2319);
#1916=LINE('',#5928,#2320);
#1917=LINE('',#5930,#2321);
#1918=LINE('',#5932,#2322);
#1919=LINE('',#5934,#2323);
#1920=LINE('',#5936,#2324);
#1921=LINE('',#5938,#2325);
#1922=LINE('',#5940,#2326);
#1923=LINE('',#5943,#2327);
#1924=LINE('',#5945,#2328);
#1925=LINE('',#5947,#2329);
#1926=LINE('',#5949,#2330);
#1927=LINE('',#5953,#2331);
#1928=LINE('',#5955,#2332);
#1929=LINE('',#5956,#2333);
#1930=LINE('',#5960,#2334);
#1931=LINE('',#5962,#2335);
#1932=LINE('',#5964,#2336);
#1933=LINE('',#5966,#2337);
#1934=LINE('',#5970,#2338);
#1935=LINE('',#5971,#2339);
#1936=LINE('',#5973,#2340);
#1937=LINE('',#5975,#2341);
#1938=LINE('',#5977,#2342);
#1939=LINE('',#5980,#2343);
#1940=VECTOR('',#4376,39.3700787401575);
#1941=VECTOR('',#4377,39.3700787401575);
#1942=VECTOR('',#4378,39.3700787401575);
#1943=VECTOR('',#4379,39.3700787401575);
#1944=VECTOR('',#4382,39.3700787401575);
#1945=VECTOR('',#4383,39.3700787401575);
#1946=VECTOR('',#4384,39.3700787401575);
#1947=VECTOR('',#4385,39.3700787401575);
#1948=VECTOR('',#4386,39.3700787401575);
#1949=VECTOR('',#4387,39.3700787401575);
#1950=VECTOR('',#4388,39.3700787401575);
#1951=VECTOR('',#4389,39.3700787401575);
#1952=VECTOR('',#4390,39.3700787401575);
#1953=VECTOR('',#4391,39.3700787401575);
#1954=VECTOR('',#4392,39.3700787401575);
#1955=VECTOR('',#4393,39.3700787401575);
#1956=VECTOR('',#4394,39.3700787401575);
#1957=VECTOR('',#4395,39.3700787401575);
#1958=VECTOR('',#4396,39.3700787401575);
#1959=VECTOR('',#4397,39.3700787401575);
#1960=VECTOR('',#4398,39.3700787401575);
#1961=VECTOR('',#4399,39.3700787401575);
#1962=VECTOR('',#4400,39.3700787401575);
#1963=VECTOR('',#4401,39.3700787401575);
#1964=VECTOR('',#4402,39.3700787401575);
#1965=VECTOR('',#4403,39.3700787401575);
#1966=VECTOR('',#4404,39.3700787401575);
#1967=VECTOR('',#4405,39.3700787401575);
#1968=VECTOR('',#4406,39.3700787401575);
#1969=VECTOR('',#4407,39.3700787401575);
#1970=VECTOR('',#4408,39.3700787401575);
#1971=VECTOR('',#4409,39.3700787401575);
#1972=VECTOR('',#4410,39.3700787401575);
#1973=VECTOR('',#4411,39.3700787401575);
#1974=VECTOR('',#4412,39.3700787401575);
#1975=VECTOR('',#4413,39.3700787401575);
#1976=VECTOR('',#4414,39.3700787401575);
#1977=VECTOR('',#4415,39.3700787401575);
#1978=VECTOR('',#4416,39.3700787401575);
#1979=VECTOR('',#4417,39.3700787401575);
#1980=VECTOR('',#4418,39.3700787401575);
#1981=VECTOR('',#4419,39.3700787401575);
#1982=VECTOR('',#4420,39.3700787401575);
#1983=VECTOR('',#4421,39.3700787401575);
#1984=VECTOR('',#4422,39.3700787401575);
#1985=VECTOR('',#4423,39.3700787401575);
#1986=VECTOR('',#4424,39.3700787401575);
#1987=VECTOR('',#4425,39.3700787401575);
#1988=VECTOR('',#4426,39.3700787401575);
#1989=VECTOR('',#4427,39.3700787401575);
#1990=VECTOR('',#4428,39.3700787401575);
#1991=VECTOR('',#4429,39.3700787401575);
#1992=VECTOR('',#4430,39.3700787401575);
#1993=VECTOR('',#4431,39.3700787401575);
#1994=VECTOR('',#4432,39.3700787401575);
#1995=VECTOR('',#4433,39.3700787401575);
#1996=VECTOR('',#4434,39.3700787401575);
#1997=VECTOR('',#4435,39.3700787401575);
#1998=VECTOR('',#4436,39.3700787401575);
#1999=VECTOR('',#4437,39.3700787401575);
#2000=VECTOR('',#4438,39.3700787401575);
#2001=VECTOR('',#4439,39.3700787401575);
#2002=VECTOR('',#4440,39.3700787401575);
#2003=VECTOR('',#4441,39.3700787401575);
#2004=VECTOR('',#4442,39.3700787401575);
#2005=VECTOR('',#4443,39.3700787401575);
#2006=VECTOR('',#4444,39.3700787401575);
#2007=VECTOR('',#4447,39.3700787401575);
#2008=VECTOR('',#4448,39.3700787401575);
#2009=VECTOR('',#4449,39.3700787401575);
#2010=VECTOR('',#4452,39.3700787401575);
#2011=VECTOR('',#4453,39.3700787401575);
#2012=VECTOR('',#4454,39.3700787401575);
#2013=VECTOR('',#4455,39.3700787401575);
#2014=VECTOR('',#4456,39.3700787401575);
#2015=VECTOR('',#4457,39.3700787401575);
#2016=VECTOR('',#4458,39.3700787401575);
#2017=VECTOR('',#4459,39.3700787401575);
#2018=VECTOR('',#4460,39.3700787401575);
#2019=VECTOR('',#4461,39.3700787401575);
#2020=VECTOR('',#4462,39.3700787401575);
#2021=VECTOR('',#4463,39.3700787401575);
#2022=VECTOR('',#4464,39.3700787401575);
#2023=VECTOR('',#4465,39.3700787401575);
#2024=VECTOR('',#4466,39.3700787401575);
#2025=VECTOR('',#4467,39.3700787401575);
#2026=VECTOR('',#4468,39.3700787401575);
#2027=VECTOR('',#4469,39.3700787401575);
#2028=VECTOR('',#4470,39.3700787401575);
#2029=VECTOR('',#4471,39.3700787401575);
#2030=VECTOR('',#4472,39.3700787401575);
#2031=VECTOR('',#4473,39.3700787401575);
#2032=VECTOR('',#4474,39.3700787401575);
#2033=VECTOR('',#4475,39.3700787401575);
#2034=VECTOR('',#4476,39.3700787401575);
#2035=VECTOR('',#4477,39.3700787401575);
#2036=VECTOR('',#4478,39.3700787401575);
#2037=VECTOR('',#4479,39.3700787401575);
#2038=VECTOR('',#4480,39.3700787401575);
#2039=VECTOR('',#4481,39.3700787401575);
#2040=VECTOR('',#4482,39.3700787401575);
#2041=VECTOR('',#4483,39.3700787401575);
#2042=VECTOR('',#4484,39.3700787401575);
#2043=VECTOR('',#4485,39.3700787401575);
#2044=VECTOR('',#4486,39.3700787401575);
#2045=VECTOR('',#4487,39.3700787401575);
#2046=VECTOR('',#4488,39.3700787401575);
#2047=VECTOR('',#4489,39.3700787401575);
#2048=VECTOR('',#4490,39.3700787401575);
#2049=VECTOR('',#4491,39.3700787401575);
#2050=VECTOR('',#4492,39.3700787401575);
#2051=VECTOR('',#4493,39.3700787401575);
#2052=VECTOR('',#4494,39.3700787401575);
#2053=VECTOR('',#4495,39.3700787401575);
#2054=VECTOR('',#4496,39.3700787401575);
#2055=VECTOR('',#4497,39.3700787401575);
#2056=VECTOR('',#4498,39.3700787401575);
#2057=VECTOR('',#4499,39.3700787401575);
#2058=VECTOR('',#4500,39.3700787401575);
#2059=VECTOR('',#4501,39.3700787401575);
#2060=VECTOR('',#4502,39.3700787401575);
#2061=VECTOR('',#4503,39.3700787401575);
#2062=VECTOR('',#4504,39.3700787401575);
#2063=VECTOR('',#4505,39.3700787401575);
#2064=VECTOR('',#4506,39.3700787401575);
#2065=VECTOR('',#4507,39.3700787401575);
#2066=VECTOR('',#4508,39.3700787401575);
#2067=VECTOR('',#4509,39.3700787401575);
#2068=VECTOR('',#4510,39.3700787401575);
#2069=VECTOR('',#4511,39.3700787401575);
#2070=VECTOR('',#4512,39.3700787401575);
#2071=VECTOR('',#4513,39.3700787401575);
#2072=VECTOR('',#4520,39.3700787401575);
#2073=VECTOR('',#4521,39.3700787401575);
#2074=VECTOR('',#4522,39.3700787401575);
#2075=VECTOR('',#4523,39.3700787401575);
#2076=VECTOR('',#4526,39.3700787401575);
#2077=VECTOR('',#4527,39.3700787401575);
#2078=VECTOR('',#4530,39.3700787401575);
#2079=VECTOR('',#4531,39.3700787401575);
#2080=VECTOR('',#4538,39.3700787401575);
#2081=VECTOR('',#4539,39.3700787401575);
#2082=VECTOR('',#4540,39.3700787401575);
#2083=VECTOR('',#4541,39.3700787401575);
#2084=VECTOR('',#4544,39.3700787401575);
#2085=VECTOR('',#4545,39.3700787401575);
#2086=VECTOR('',#4548,39.3700787401575);
#2087=VECTOR('',#4549,39.3700787401575);
#2088=VECTOR('',#4556,39.3700787401575);
#2089=VECTOR('',#4557,39.3700787401575);
#2090=VECTOR('',#4558,39.3700787401575);
#2091=VECTOR('',#4559,39.3700787401575);
#2092=VECTOR('',#4562,39.3700787401575);
#2093=VECTOR('',#4563,39.3700787401575);
#2094=VECTOR('',#4566,39.3700787401575);
#2095=VECTOR('',#4567,39.3700787401575);
#2096=VECTOR('',#4574,39.3700787401575);
#2097=VECTOR('',#4575,39.3700787401575);
#2098=VECTOR('',#4576,39.3700787401575);
#2099=VECTOR('',#4577,39.3700787401575);
#2100=VECTOR('',#4580,39.3700787401575);
#2101=VECTOR('',#4581,39.3700787401575);
#2102=VECTOR('',#4584,39.3700787401575);
#2103=VECTOR('',#4585,39.3700787401575);
#2104=VECTOR('',#4592,39.3700787401575);
#2105=VECTOR('',#4593,39.3700787401575);
#2106=VECTOR('',#4594,39.3700787401575);
#2107=VECTOR('',#4595,39.3700787401575);
#2108=VECTOR('',#4598,39.3700787401575);
#2109=VECTOR('',#4599,39.3700787401575);
#2110=VECTOR('',#4602,39.3700787401575);
#2111=VECTOR('',#4603,39.3700787401575);
#2112=VECTOR('',#4610,39.3700787401575);
#2113=VECTOR('',#4611,39.3700787401575);
#2114=VECTOR('',#4612,39.3700787401575);
#2115=VECTOR('',#4613,39.3700787401575);
#2116=VECTOR('',#4616,39.3700787401575);
#2117=VECTOR('',#4617,39.3700787401575);
#2118=VECTOR('',#4620,39.3700787401575);
#2119=VECTOR('',#4621,39.3700787401575);
#2120=VECTOR('',#4628,39.3700787401575);
#2121=VECTOR('',#4629,39.3700787401575);
#2122=VECTOR('',#4630,39.3700787401575);
#2123=VECTOR('',#4631,39.3700787401575);
#2124=VECTOR('',#4634,39.3700787401575);
#2125=VECTOR('',#4635,39.3700787401575);
#2126=VECTOR('',#4638,39.3700787401575);
#2127=VECTOR('',#4639,39.3700787401575);
#2128=VECTOR('',#4646,39.3700787401575);
#2129=VECTOR('',#4647,39.3700787401575);
#2130=VECTOR('',#4648,39.3700787401575);
#2131=VECTOR('',#4649,39.3700787401575);
#2132=VECTOR('',#4652,39.3700787401575);
#2133=VECTOR('',#4653,39.3700787401575);
#2134=VECTOR('',#4656,39.3700787401575);
#2135=VECTOR('',#4657,39.3700787401575);
#2136=VECTOR('',#4664,39.3700787401575);
#2137=VECTOR('',#4665,39.3700787401575);
#2138=VECTOR('',#4666,39.3700787401575);
#2139=VECTOR('',#4667,39.3700787401575);
#2140=VECTOR('',#4670,39.3700787401575);
#2141=VECTOR('',#4671,39.3700787401575);
#2142=VECTOR('',#4674,39.3700787401575);
#2143=VECTOR('',#4675,39.3700787401575);
#2144=VECTOR('',#4682,39.3700787401575);
#2145=VECTOR('',#4683,39.3700787401575);
#2146=VECTOR('',#4684,39.3700787401575);
#2147=VECTOR('',#4685,39.3700787401575);
#2148=VECTOR('',#4688,39.3700787401575);
#2149=VECTOR('',#4689,39.3700787401575);
#2150=VECTOR('',#4692,39.3700787401575);
#2151=VECTOR('',#4693,39.3700787401575);
#2152=VECTOR('',#4700,39.3700787401575);
#2153=VECTOR('',#4701,39.3700787401575);
#2154=VECTOR('',#4702,39.3700787401575);
#2155=VECTOR('',#4703,39.3700787401575);
#2156=VECTOR('',#4706,39.3700787401575);
#2157=VECTOR('',#4707,39.3700787401575);
#2158=VECTOR('',#4710,39.3700787401575);
#2159=VECTOR('',#4711,39.3700787401575);
#2160=VECTOR('',#4718,39.3700787401575);
#2161=VECTOR('',#4719,39.3700787401575);
#2162=VECTOR('',#4720,39.3700787401575);
#2163=VECTOR('',#4721,39.3700787401575);
#2164=VECTOR('',#4724,39.3700787401575);
#2165=VECTOR('',#4725,39.3700787401575);
#2166=VECTOR('',#4728,39.3700787401575);
#2167=VECTOR('',#4729,39.3700787401575);
#2168=VECTOR('',#4736,39.3700787401575);
#2169=VECTOR('',#4737,39.3700787401575);
#2170=VECTOR('',#4738,39.3700787401575);
#2171=VECTOR('',#4739,39.3700787401575);
#2172=VECTOR('',#4742,39.3700787401575);
#2173=VECTOR('',#4743,39.3700787401575);
#2174=VECTOR('',#4746,39.3700787401575);
#2175=VECTOR('',#4747,39.3700787401575);
#2176=VECTOR('',#4754,39.3700787401575);
#2177=VECTOR('',#4755,39.3700787401575);
#2178=VECTOR('',#4756,39.3700787401575);
#2179=VECTOR('',#4757,39.3700787401575);
#2180=VECTOR('',#4760,39.3700787401575);
#2181=VECTOR('',#4761,39.3700787401575);
#2182=VECTOR('',#4764,39.3700787401575);
#2183=VECTOR('',#4765,39.3700787401575);
#2184=VECTOR('',#4772,39.3700787401575);
#2185=VECTOR('',#4773,39.3700787401575);
#2186=VECTOR('',#4774,39.3700787401575);
#2187=VECTOR('',#4777,39.3700787401575);
#2188=VECTOR('',#4778,39.3700787401575);
#2189=VECTOR('',#4781,39.3700787401575);
#2190=VECTOR('',#4782,39.3700787401575);
#2191=VECTOR('',#4785,39.3700787401575);
#2192=VECTOR('',#4790,39.3700787401575);
#2193=VECTOR('',#4791,39.3700787401575);
#2194=VECTOR('',#4792,39.3700787401575);
#2195=VECTOR('',#4793,39.3700787401575);
#2196=VECTOR('',#4796,39.3700787401575);
#2197=VECTOR('',#4797,39.3700787401575);
#2198=VECTOR('',#4800,39.3700787401575);
#2199=VECTOR('',#4801,39.3700787401575);
#2200=VECTOR('',#4808,39.3700787401575);
#2201=VECTOR('',#4809,39.3700787401575);
#2202=VECTOR('',#4810,39.3700787401575);
#2203=VECTOR('',#4811,39.3700787401575);
#2204=VECTOR('',#4814,39.3700787401575);
#2205=VECTOR('',#4815,39.3700787401575);
#2206=VECTOR('',#4818,39.3700787401575);
#2207=VECTOR('',#4819,39.3700787401575);
#2208=VECTOR('',#4826,39.3700787401575);
#2209=VECTOR('',#4827,39.3700787401575);
#2210=VECTOR('',#4828,39.3700787401575);
#2211=VECTOR('',#4829,39.3700787401575);
#2212=VECTOR('',#4832,39.3700787401575);
#2213=VECTOR('',#4833,39.3700787401575);
#2214=VECTOR('',#4836,39.3700787401575);
#2215=VECTOR('',#4837,39.3700787401575);
#2216=VECTOR('',#4844,39.3700787401575);
#2217=VECTOR('',#4845,39.3700787401575);
#2218=VECTOR('',#4846,39.3700787401575);
#2219=VECTOR('',#4847,39.3700787401575);
#2220=VECTOR('',#4850,39.3700787401575);
#2221=VECTOR('',#4851,39.3700787401575);
#2222=VECTOR('',#4854,39.3700787401575);
#2223=VECTOR('',#4855,39.3700787401575);
#2224=VECTOR('',#4862,39.3700787401575);
#2225=VECTOR('',#4863,39.3700787401575);
#2226=VECTOR('',#4864,39.3700787401575);
#2227=VECTOR('',#4865,39.3700787401575);
#2228=VECTOR('',#4868,39.3700787401575);
#2229=VECTOR('',#4869,39.3700787401575);
#2230=VECTOR('',#4872,39.3700787401575);
#2231=VECTOR('',#4873,39.3700787401575);
#2232=VECTOR('',#4880,39.3700787401575);
#2233=VECTOR('',#4881,39.3700787401575);
#2234=VECTOR('',#4882,39.3700787401575);
#2235=VECTOR('',#4883,39.3700787401575);
#2236=VECTOR('',#4886,39.3700787401575);
#2237=VECTOR('',#4887,39.3700787401575);
#2238=VECTOR('',#4890,39.3700787401575);
#2239=VECTOR('',#4891,39.3700787401575);
#2240=VECTOR('',#4898,39.3700787401575);
#2241=VECTOR('',#4899,39.3700787401575);
#2242=VECTOR('',#4900,39.3700787401575);
#2243=VECTOR('',#4901,39.3700787401575);
#2244=VECTOR('',#4904,39.3700787401575);
#2245=VECTOR('',#4905,39.3700787401575);
#2246=VECTOR('',#4908,39.3700787401575);
#2247=VECTOR('',#4909,39.3700787401575);
#2248=VECTOR('',#4916,39.3700787401575);
#2249=VECTOR('',#4917,39.3700787401575);
#2250=VECTOR('',#4918,39.3700787401575);
#2251=VECTOR('',#4919,39.3700787401575);
#2252=VECTOR('',#4922,39.3700787401575);
#2253=VECTOR('',#4923,39.3700787401575);
#2254=VECTOR('',#4926,39.3700787401575);
#2255=VECTOR('',#4927,39.3700787401575);
#2256=VECTOR('',#4934,39.3700787401575);
#2257=VECTOR('',#4935,39.3700787401575);
#2258=VECTOR('',#4936,39.3700787401575);
#2259=VECTOR('',#4937,39.3700787401575);
#2260=VECTOR('',#4940,39.3700787401575);
#2261=VECTOR('',#4941,39.3700787401575);
#2262=VECTOR('',#4944,39.3700787401575);
#2263=VECTOR('',#4945,39.3700787401575);
#2264=VECTOR('',#4952,39.3700787401575);
#2265=VECTOR('',#4953,39.3700787401575);
#2266=VECTOR('',#4954,39.3700787401575);
#2267=VECTOR('',#4955,39.3700787401575);
#2268=VECTOR('',#4958,39.3700787401575);
#2269=VECTOR('',#4959,39.3700787401575);
#2270=VECTOR('',#4962,39.3700787401575);
#2271=VECTOR('',#4963,39.3700787401575);
#2272=VECTOR('',#4970,39.3700787401575);
#2273=VECTOR('',#4971,39.3700787401575);
#2274=VECTOR('',#4972,39.3700787401575);
#2275=VECTOR('',#4973,39.3700787401575);
#2276=VECTOR('',#4976,39.3700787401575);
#2277=VECTOR('',#4977,39.3700787401575);
#2278=VECTOR('',#4980,39.3700787401575);
#2279=VECTOR('',#4981,39.3700787401575);
#2280=VECTOR('',#4988,39.3700787401575);
#2281=VECTOR('',#4989,39.3700787401575);
#2282=VECTOR('',#4990,39.3700787401575);
#2283=VECTOR('',#4991,39.3700787401575);
#2284=VECTOR('',#4994,39.3700787401575);
#2285=VECTOR('',#4995,39.3700787401575);
#2286=VECTOR('',#4998,39.3700787401575);
#2287=VECTOR('',#4999,39.3700787401575);
#2288=VECTOR('',#5006,39.3700787401575);
#2289=VECTOR('',#5007,39.3700787401575);
#2290=VECTOR('',#5008,39.3700787401575);
#2291=VECTOR('',#5009,39.3700787401575);
#2292=VECTOR('',#5012,39.3700787401575);
#2293=VECTOR('',#5013,39.3700787401575);
#2294=VECTOR('',#5016,39.3700787401575);
#2295=VECTOR('',#5017,39.3700787401575);
#2296=VECTOR('',#5024,39.3700787401575);
#2297=VECTOR('',#5025,39.3700787401575);
#2298=VECTOR('',#5026,39.3700787401575);
#2299=VECTOR('',#5027,39.3700787401575);
#2300=VECTOR('',#5030,39.3700787401575);
#2301=VECTOR('',#5031,39.3700787401575);
#2302=VECTOR('',#5034,39.3700787401575);
#2303=VECTOR('',#5035,39.3700787401575);
#2304=VECTOR('',#5042,39.3700787401575);
#2305=VECTOR('',#5043,39.3700787401575);
#2306=VECTOR('',#5044,39.3700787401575);
#2307=VECTOR('',#5047,39.3700787401575);
#2308=VECTOR('',#5048,39.3700787401575);
#2309=VECTOR('',#5051,39.3700787401575);
#2310=VECTOR('',#5052,39.3700787401575);
#2311=VECTOR('',#5055,39.3700787401575);
#2312=VECTOR('',#5062,39.3700787401575);
#2313=VECTOR('',#5063,39.3700787401575);
#2314=VECTOR('',#5064,39.3700787401575);
#2315=VECTOR('',#5065,39.3700787401575);
#2316=VECTOR('',#5066,39.3700787401575);
#2317=VECTOR('',#5067,39.3700787401575);
#2318=VECTOR('',#5070,39.3700787401575);
#2319=VECTOR('',#5071,39.3700787401575);
#2320=VECTOR('',#5072,39.3700787401575);
#2321=VECTOR('',#5075,39.3700787401575);
#2322=VECTOR('',#5076,39.3700787401575);
#2323=VECTOR('',#5077,39.3700787401575);
#2324=VECTOR('',#5078,39.3700787401575);
#2325=VECTOR('',#5079,39.3700787401575);
#2326=VECTOR('',#5082,39.3700787401575);
#2327=VECTOR('',#5085,39.3700787401575);
#2328=VECTOR('',#5086,39.3700787401575);
#2329=VECTOR('',#5087,39.3700787401575);
#2330=VECTOR('',#5088,39.3700787401575);
#2331=VECTOR('',#5091,39.3700787401575);
#2332=VECTOR('',#5094,39.3700787401575);
#2333=VECTOR('',#5095,39.3700787401575);
#2334=VECTOR('',#5098,39.3700787401575);
#2335=VECTOR('',#5099,39.3700787401575);
#2336=VECTOR('',#5100,39.3700787401575);
#2337=VECTOR('',#5101,39.3700787401575);
#2338=VECTOR('',#5106,39.3700787401575);
#2339=VECTOR('',#5107,39.3700787401575);
#2340=VECTOR('',#5110,39.3700787401575);
#2341=VECTOR('',#5113,39.3700787401575);
#2342=VECTOR('',#5116,39.3700787401575);
#2343=VECTOR('',#5121,39.3700787401575);
#2344=EDGE_LOOP('',(#40,#41,#42,#43));
#2345=EDGE_LOOP('',(#44,#45,#46,#47));
#2346=EDGE_LOOP('',(#48,#49,#50,#51));
#2347=EDGE_LOOP('',(#52,#53,#54,#55));
#2348=EDGE_LOOP('',(#56,#57,#58,#59));
#2349=EDGE_LOOP('',(#60,#61,#62,#63));
#2350=EDGE_LOOP('',(#64,#65,#66,#67));
#2351=EDGE_LOOP('',(#68,#69,#70,#71));
#2352=EDGE_LOOP('',(#72,#73,#74,#75));
#2353=EDGE_LOOP('',(#76,#77,#78,#79));
#2354=EDGE_LOOP('',(#80,#81,#82,#83));
#2355=EDGE_LOOP('',(#84,#85,#86,#87));
#2356=EDGE_LOOP('',(#88,#89,#90,#91));
#2357=EDGE_LOOP('',(#92,#93,#94,#95));
#2358=EDGE_LOOP('',(#96,#97,#98,#99));
#2359=EDGE_LOOP('',(#100,#101,#102,#103));
#2360=EDGE_LOOP('',(#104,#105,#106,#107));
#2361=EDGE_LOOP('',(#108,#109,#110,#111));
#2362=EDGE_LOOP('',(#112,#113,#114,#115));
#2363=EDGE_LOOP('',(#116,#117,#118,#119));
#2364=EDGE_LOOP('',(#120,#121,#122,#123));
#2365=EDGE_LOOP('',(#124,#125,#126,#127));
#2366=EDGE_LOOP('',(#128,#129,#130,#131));
#2367=EDGE_LOOP('',(#132,#133,#134,#135));
#2368=EDGE_LOOP('',(#136,#137,#138,#139));
#2369=EDGE_LOOP('',(#140,#141,#142,#143));
#2370=EDGE_LOOP('',(#144,#145,#146,#147));
#2371=EDGE_LOOP('',(#148,#149,#150,#151));
#2372=EDGE_LOOP('',(#152,#153,#154,#155));
#2373=EDGE_LOOP('',(#156,#157,#158,#159));
#2374=EDGE_LOOP('',(#160,#161,#162,#163));
#2375=EDGE_LOOP('',(#164,#165,#166,#167));
#2376=EDGE_LOOP('',(#168,#169,#170,#171));
#2377=EDGE_LOOP('',(#172,#173,#174,#175));
#2378=EDGE_LOOP('',(#176,#177,#178,#179));
#2379=EDGE_LOOP('',(#180,#181,#182,#183));
#2380=EDGE_LOOP('',(#184,#185,#186,#187));
#2381=EDGE_LOOP('',(#188,#189,#190,#191));
#2382=EDGE_LOOP('',(#192,#193,#194,#195));
#2383=EDGE_LOOP('',(#196,#197,#198,#199));
#2384=EDGE_LOOP('',(#200,#201,#202,#203));
#2385=EDGE_LOOP('',(#204,#205,#206,#207));
#2386=EDGE_LOOP('',(#208,#209,#210,#211));
#2387=EDGE_LOOP('',(#212,#213,#214,#215));
#2388=EDGE_LOOP('',(#216,#217,#218,#219));
#2389=EDGE_LOOP('',(#220,#221,#222,#223));
#2390=EDGE_LOOP('',(#224,#225,#226,#227));
#2391=EDGE_LOOP('',(#228,#229,#230,#231));
#2392=EDGE_LOOP('',(#232,#233,#234,#235));
#2393=EDGE_LOOP('',(#236,#237,#238,#239));
#2394=EDGE_LOOP('',(#240,#241,#242,#243));
#2395=EDGE_LOOP('',(#244,#245,#246,#247));
#2396=EDGE_LOOP('',(#248,#249,#250,#251));
#2397=EDGE_LOOP('',(#252,#253,#254,#255));
#2398=EDGE_LOOP('',(#256,#257,#258,#259));
#2399=EDGE_LOOP('',(#260,#261,#262,#263));
#2400=EDGE_LOOP('',(#264,#265,#266,#267));
#2401=EDGE_LOOP('',(#268,#269,#270,#271));
#2402=EDGE_LOOP('',(#272,#273,#274,#275));
#2403=EDGE_LOOP('',(#276,#277,#278,#279));
#2404=EDGE_LOOP('',(#280,#281,#282,#283));
#2405=EDGE_LOOP('',(#284,#285,#286,#287));
#2406=EDGE_LOOP('',(#288,#289,#290,#291));
#2407=EDGE_LOOP('',(#292,#293,#294,#295));
#2408=EDGE_LOOP('',(#296,#297,#298,#299));
#2409=EDGE_LOOP('',(#300,#301,#302,#303));
#2410=EDGE_LOOP('',(#304,#305,#306,#307));
#2411=EDGE_LOOP('',(#308,#309,#310,#311));
#2412=EDGE_LOOP('',(#312,#313,#314,#315));
#2413=EDGE_LOOP('',(#316,#317,#318,#319));
#2414=EDGE_LOOP('',(#320,#321,#322,#323));
#2415=EDGE_LOOP('',(#324,#325,#326,#327));
#2416=EDGE_LOOP('',(#328,#329,#330,#331));
#2417=EDGE_LOOP('',(#332,#333,#334,#335));
#2418=EDGE_LOOP('',(#336,#337,#338,#339));
#2419=EDGE_LOOP('',(#340,#341,#342,#343));
#2420=EDGE_LOOP('',(#344,#345,#346,#347));
#2421=EDGE_LOOP('',(#348,#349,#350,#351));
#2422=EDGE_LOOP('',(#352,#353,#354,#355));
#2423=EDGE_LOOP('',(#356,#357,#358,#359));
#2424=EDGE_LOOP('',(#360,#361,#362,#363));
#2425=EDGE_LOOP('',(#364,#365,#366,#367));
#2426=EDGE_LOOP('',(#368,#369,#370,#371));
#2427=EDGE_LOOP('',(#372,#373,#374,#375));
#2428=EDGE_LOOP('',(#376,#377,#378,#379));
#2429=EDGE_LOOP('',(#380,#381,#382,#383));
#2430=EDGE_LOOP('',(#384,#385,#386,#387));
#2431=EDGE_LOOP('',(#388,#389,#390,#391));
#2432=EDGE_LOOP('',(#392,#393,#394,#395));
#2433=EDGE_LOOP('',(#396,#397,#398,#399));
#2434=EDGE_LOOP('',(#400,#401,#402,#403));
#2435=EDGE_LOOP('',(#404,#405,#406,#407));
#2436=EDGE_LOOP('',(#408,#409,#410,#411));
#2437=EDGE_LOOP('',(#412,#413,#414,#415));
#2438=EDGE_LOOP('',(#416,#417,#418,#419));
#2439=EDGE_LOOP('',(#420,#421,#422,#423));
#2440=EDGE_LOOP('',(#424,#425,#426,#427));
#2441=EDGE_LOOP('',(#428,#429,#430,#431));
#2442=EDGE_LOOP('',(#432,#433,#434,#435));
#2443=EDGE_LOOP('',(#436,#437,#438,#439));
#2444=EDGE_LOOP('',(#440,#441,#442,#443));
#2445=EDGE_LOOP('',(#444,#445,#446,#447));
#2446=EDGE_LOOP('',(#448,#449,#450,#451));
#2447=EDGE_LOOP('',(#452,#453,#454,#455));
#2448=EDGE_LOOP('',(#456,#457,#458,#459));
#2449=EDGE_LOOP('',(#460,#461,#462,#463));
#2450=EDGE_LOOP('',(#464,#465,#466,#467));
#2451=EDGE_LOOP('',(#468,#469,#470,#471));
#2452=EDGE_LOOP('',(#472,#473,#474,#475));
#2453=EDGE_LOOP('',(#476,#477,#478,#479));
#2454=EDGE_LOOP('',(#480,#481,#482,#483));
#2455=EDGE_LOOP('',(#484,#485,#486,#487));
#2456=EDGE_LOOP('',(#488,#489,#490,#491));
#2457=EDGE_LOOP('',(#492,#493,#494,#495));
#2458=EDGE_LOOP('',(#496,#497,#498,#499));
#2459=EDGE_LOOP('',(#500,#501,#502,#503));
#2460=EDGE_LOOP('',(#504,#505,#506,#507));
#2461=EDGE_LOOP('',(#508,#509,#510,#511));
#2462=EDGE_LOOP('',(#512,#513,#514,#515));
#2463=EDGE_LOOP('',(#516,#517,#518,#519));
#2464=EDGE_LOOP('',(#520,#521,#522,#523));
#2465=EDGE_LOOP('',(#524,#525,#526,#527));
#2466=EDGE_LOOP('',(#528,#529,#530,#531));
#2467=EDGE_LOOP('',(#532,#533,#534,#535));
#2468=EDGE_LOOP('',(#536,#537,#538,#539));
#2469=EDGE_LOOP('',(#540,#541,#542,#543));
#2470=EDGE_LOOP('',(#544,#545,#546,#547));
#2471=EDGE_LOOP('',(#548,#549,#550,#551));
#2472=EDGE_LOOP('',(#552,#553,#554,#555));
#2473=EDGE_LOOP('',(#556,#557,#558,#559));
#2474=EDGE_LOOP('',(#560,#561,#562,#563));
#2475=EDGE_LOOP('',(#564,#565,#566,#567));
#2476=EDGE_LOOP('',(#568,#569,#570,#571));
#2477=EDGE_LOOP('',(#572,#573,#574,#575));
#2478=EDGE_LOOP('',(#576,#577,#578,#579));
#2479=EDGE_LOOP('',(#580,#581,#582,#583));
#2480=EDGE_LOOP('',(#584,#585,#586,#587));
#2481=EDGE_LOOP('',(#588,#589,#590,#591));
#2482=EDGE_LOOP('',(#592,#593,#594,#595));
#2483=EDGE_LOOP('',(#596,#597,#598,#599));
#2484=EDGE_LOOP('',(#600,#601,#602,#603));
#2485=EDGE_LOOP('',(#604,#605,#606,#607));
#2486=EDGE_LOOP('',(#608,#609,#610,#611));
#2487=EDGE_LOOP('',(#612,#613,#614,#615));
#2488=EDGE_LOOP('',(#616,#617,#618,#619));
#2489=EDGE_LOOP('',(#620,#621,#622,#623));
#2490=EDGE_LOOP('',(#624,#625,#626,#627));
#2491=EDGE_LOOP('',(#628,#629,#630,#631));
#2492=EDGE_LOOP('',(#632,#633,#634,#635));
#2493=EDGE_LOOP('',(#636,#637,#638,#639));
#2494=EDGE_LOOP('',(#640,#641,#642,#643));
#2495=EDGE_LOOP('',(#644,#645,#646,#647));
#2496=EDGE_LOOP('',(#648,#649,#650,#651));
#2497=EDGE_LOOP('',(#652,#653,#654,#655));
#2498=EDGE_LOOP('',(#656,#657,#658,#659));
#2499=EDGE_LOOP('',(#660,#661,#662,#663));
#2500=EDGE_LOOP('',(#664,#665,#666,#667));
#2501=EDGE_LOOP('',(#668,#669,#670,#671));
#2502=EDGE_LOOP('',(#672,#673,#674,#675));
#2503=EDGE_LOOP('',(#676,#677,#678,#679));
#2504=EDGE_LOOP('',(#680,#681,#682,#683));
#2505=EDGE_LOOP('',(#684,#685,#686,#687));
#2506=EDGE_LOOP('',(#688,#689,#690,#691));
#2507=EDGE_LOOP('',(#692,#693,#694,#695));
#2508=EDGE_LOOP('',(#696,#697,#698,#699));
#2509=EDGE_LOOP('',(#700,#701,#702,#703));
#2510=EDGE_LOOP('',(#704,#705,#706,#707));
#2511=EDGE_LOOP('',(#708,#709,#710,#711));
#2512=EDGE_LOOP('',(#712,#713,#714,#715));
#2513=EDGE_LOOP('',(#716,#717,#718,#719));
#2514=EDGE_LOOP('',(#720,#721,#722,#723));
#2515=EDGE_LOOP('',(#724,#725,#726,#727));
#2516=EDGE_LOOP('',(#728,#729,#730,#731));
#2517=EDGE_LOOP('',(#732,#733,#734,#735));
#2518=EDGE_LOOP('',(#736,#737,#738,#739));
#2519=EDGE_LOOP('',(#740,#741,#742,#743));
#2520=EDGE_LOOP('',(#744,#745,#746,#747));
#2521=EDGE_LOOP('',(#748,#749,#750,#751));
#2522=EDGE_LOOP('',(#752,#753,#754,#755));
#2523=EDGE_LOOP('',(#756,#757,#758,#759));
#2524=EDGE_LOOP('',(#760,#761,#762,#763));
#2525=EDGE_LOOP('',(#764,#765,#766,#767));
#2526=EDGE_LOOP('',(#768,#769,#770,#771));
#2527=EDGE_LOOP('',(#772,#773,#774,#775));
#2528=EDGE_LOOP('',(#776,#777,#778,#779));
#2529=EDGE_LOOP('',(#780,#781,#782,#783));
#2530=EDGE_LOOP('',(#784,#785,#786,#787,#788,#789));
#2531=EDGE_LOOP('',(#790,#791,#792,#793));
#2532=EDGE_LOOP('',(#794,#795,#796,#797,#798,#799));
#2533=EDGE_LOOP('',(#800,#801,#802,#803,#804,#805,#806,#807,#808,#809));
#2534=EDGE_LOOP('',(#810,#811,#812,#813,#814,#815,#816,#817,#818,#819));
#2535=EDGE_LOOP('',(#820,#821,#822,#823));
#2536=EDGE_LOOP('',(#824,#825,#826,#827));
#2537=EDGE_LOOP('',(#828,#829,#830,#831));
#2538=EDGE_LOOP('',(#832,#833,#834,#835));
#2539=EDGE_LOOP('',(#836,#837,#838,#839));
#2540=EDGE_LOOP('',(#840,#841,#842,#843));
#2541=EDGE_LOOP('',(#844,#845,#846,#847));
#2542=EDGE_LOOP('',(#848,#849,#850,#851));
#2543=EDGE_LOOP('',(#852,#853,#854,#855));
#2544=FACE_BOUND('',#2344,.T.);
#2545=FACE_BOUND('',#2345,.T.);
#2546=FACE_BOUND('',#2346,.T.);
#2547=FACE_BOUND('',#2347,.T.);
#2548=FACE_BOUND('',#2348,.T.);
#2549=FACE_BOUND('',#2349,.T.);
#2550=FACE_BOUND('',#2350,.T.);
#2551=FACE_BOUND('',#2351,.T.);
#2552=FACE_BOUND('',#2352,.T.);
#2553=FACE_BOUND('',#2353,.T.);
#2554=FACE_BOUND('',#2354,.T.);
#2555=FACE_BOUND('',#2355,.T.);
#2556=FACE_BOUND('',#2356,.T.);
#2557=FACE_BOUND('',#2357,.T.);
#2558=FACE_BOUND('',#2358,.T.);
#2559=FACE_BOUND('',#2359,.T.);
#2560=FACE_BOUND('',#2360,.T.);
#2561=FACE_BOUND('',#2361,.T.);
#2562=FACE_BOUND('',#2362,.T.);
#2563=FACE_BOUND('',#2363,.T.);
#2564=FACE_BOUND('',#2364,.T.);
#2565=FACE_BOUND('',#2365,.T.);
#2566=FACE_BOUND('',#2366,.T.);
#2567=FACE_BOUND('',#2367,.T.);
#2568=FACE_BOUND('',#2368,.T.);
#2569=FACE_BOUND('',#2369,.T.);
#2570=FACE_BOUND('',#2370,.T.);
#2571=FACE_BOUND('',#2371,.T.);
#2572=FACE_BOUND('',#2372,.T.);
#2573=FACE_BOUND('',#2373,.T.);
#2574=FACE_BOUND('',#2374,.T.);
#2575=FACE_BOUND('',#2375,.T.);
#2576=FACE_BOUND('',#2376,.T.);
#2577=FACE_BOUND('',#2377,.T.);
#2578=FACE_BOUND('',#2378,.T.);
#2579=FACE_BOUND('',#2379,.T.);
#2580=FACE_BOUND('',#2380,.T.);
#2581=FACE_BOUND('',#2381,.T.);
#2582=FACE_BOUND('',#2382,.T.);
#2583=FACE_BOUND('',#2383,.T.);
#2584=FACE_BOUND('',#2384,.T.);
#2585=FACE_BOUND('',#2385,.T.);
#2586=FACE_BOUND('',#2386,.T.);
#2587=FACE_BOUND('',#2387,.T.);
#2588=FACE_BOUND('',#2388,.T.);
#2589=FACE_BOUND('',#2389,.T.);
#2590=FACE_BOUND('',#2390,.T.);
#2591=FACE_BOUND('',#2391,.T.);
#2592=FACE_BOUND('',#2392,.T.);
#2593=FACE_BOUND('',#2393,.T.);
#2594=FACE_BOUND('',#2394,.T.);
#2595=FACE_BOUND('',#2395,.T.);
#2596=FACE_BOUND('',#2396,.T.);
#2597=FACE_BOUND('',#2397,.T.);
#2598=FACE_BOUND('',#2398,.T.);
#2599=FACE_BOUND('',#2399,.T.);
#2600=FACE_BOUND('',#2400,.T.);
#2601=FACE_BOUND('',#2401,.T.);
#2602=FACE_BOUND('',#2402,.T.);
#2603=FACE_BOUND('',#2403,.T.);
#2604=FACE_BOUND('',#2404,.T.);
#2605=FACE_BOUND('',#2405,.T.);
#2606=FACE_BOUND('',#2406,.T.);
#2607=FACE_BOUND('',#2407,.T.);
#2608=FACE_BOUND('',#2408,.T.);
#2609=FACE_BOUND('',#2409,.T.);
#2610=FACE_BOUND('',#2410,.T.);
#2611=FACE_BOUND('',#2411,.T.);
#2612=FACE_BOUND('',#2412,.T.);
#2613=FACE_BOUND('',#2413,.T.);
#2614=FACE_BOUND('',#2414,.T.);
#2615=FACE_BOUND('',#2415,.T.);
#2616=FACE_BOUND('',#2416,.T.);
#2617=FACE_BOUND('',#2417,.T.);
#2618=FACE_BOUND('',#2418,.T.);
#2619=FACE_BOUND('',#2419,.T.);
#2620=FACE_BOUND('',#2420,.T.);
#2621=FACE_BOUND('',#2421,.T.);
#2622=FACE_BOUND('',#2422,.T.);
#2623=FACE_BOUND('',#2423,.T.);
#2624=FACE_BOUND('',#2424,.T.);
#2625=FACE_BOUND('',#2425,.T.);
#2626=FACE_BOUND('',#2426,.T.);
#2627=FACE_BOUND('',#2427,.T.);
#2628=FACE_BOUND('',#2428,.T.);
#2629=FACE_BOUND('',#2429,.T.);
#2630=FACE_BOUND('',#2430,.T.);
#2631=FACE_BOUND('',#2431,.T.);
#2632=FACE_BOUND('',#2432,.T.);
#2633=FACE_BOUND('',#2433,.T.);
#2634=FACE_BOUND('',#2434,.T.);
#2635=FACE_BOUND('',#2435,.T.);
#2636=FACE_BOUND('',#2436,.T.);
#2637=FACE_BOUND('',#2437,.T.);
#2638=FACE_BOUND('',#2438,.T.);
#2639=FACE_BOUND('',#2439,.T.);
#2640=FACE_BOUND('',#2440,.T.);
#2641=FACE_BOUND('',#2441,.T.);
#2642=FACE_BOUND('',#2442,.T.);
#2643=FACE_BOUND('',#2443,.T.);
#2644=FACE_BOUND('',#2444,.T.);
#2645=FACE_BOUND('',#2445,.T.);
#2646=FACE_BOUND('',#2446,.T.);
#2647=FACE_BOUND('',#2447,.T.);
#2648=FACE_BOUND('',#2448,.T.);
#2649=FACE_BOUND('',#2449,.T.);
#2650=FACE_BOUND('',#2450,.T.);
#2651=FACE_BOUND('',#2451,.T.);
#2652=FACE_BOUND('',#2452,.T.);
#2653=FACE_BOUND('',#2453,.T.);
#2654=FACE_BOUND('',#2454,.T.);
#2655=FACE_BOUND('',#2455,.T.);
#2656=FACE_BOUND('',#2456,.T.);
#2657=FACE_BOUND('',#2457,.T.);
#2658=FACE_BOUND('',#2458,.T.);
#2659=FACE_BOUND('',#2459,.T.);
#2660=FACE_BOUND('',#2460,.T.);
#2661=FACE_BOUND('',#2461,.T.);
#2662=FACE_BOUND('',#2462,.T.);
#2663=FACE_BOUND('',#2463,.T.);
#2664=FACE_BOUND('',#2464,.T.);
#2665=FACE_BOUND('',#2465,.T.);
#2666=FACE_BOUND('',#2466,.T.);
#2667=FACE_BOUND('',#2467,.T.);
#2668=FACE_BOUND('',#2468,.T.);
#2669=FACE_BOUND('',#2469,.T.);
#2670=FACE_BOUND('',#2470,.T.);
#2671=FACE_BOUND('',#2471,.T.);
#2672=FACE_BOUND('',#2472,.T.);
#2673=FACE_BOUND('',#2473,.T.);
#2674=FACE_BOUND('',#2474,.T.);
#2675=FACE_BOUND('',#2475,.T.);
#2676=FACE_BOUND('',#2476,.T.);
#2677=FACE_BOUND('',#2477,.T.);
#2678=FACE_BOUND('',#2478,.T.);
#2679=FACE_BOUND('',#2479,.T.);
#2680=FACE_BOUND('',#2480,.T.);
#2681=FACE_BOUND('',#2481,.T.);
#2682=FACE_BOUND('',#2482,.T.);
#2683=FACE_BOUND('',#2483,.T.);
#2684=FACE_BOUND('',#2484,.T.);
#2685=FACE_BOUND('',#2485,.T.);
#2686=FACE_BOUND('',#2486,.T.);
#2687=FACE_BOUND('',#2487,.T.);
#2688=FACE_BOUND('',#2488,.T.);
#2689=FACE_BOUND('',#2489,.T.);
#2690=FACE_BOUND('',#2490,.T.);
#2691=FACE_BOUND('',#2491,.T.);
#2692=FACE_BOUND('',#2492,.T.);
#2693=FACE_BOUND('',#2493,.T.);
#2694=FACE_BOUND('',#2494,.T.);
#2695=FACE_BOUND('',#2495,.T.);
#2696=FACE_BOUND('',#2496,.T.);
#2697=FACE_BOUND('',#2497,.T.);
#2698=FACE_BOUND('',#2498,.T.);
#2699=FACE_BOUND('',#2499,.T.);
#2700=FACE_BOUND('',#2500,.T.);
#2701=FACE_BOUND('',#2501,.T.);
#2702=FACE_BOUND('',#2502,.T.);
#2703=FACE_BOUND('',#2503,.T.);
#2704=FACE_BOUND('',#2504,.T.);
#2705=FACE_BOUND('',#2505,.T.);
#2706=FACE_BOUND('',#2506,.T.);
#2707=FACE_BOUND('',#2507,.T.);
#2708=FACE_BOUND('',#2508,.T.);
#2709=FACE_BOUND('',#2509,.T.);
#2710=FACE_BOUND('',#2510,.T.);
#2711=FACE_BOUND('',#2511,.T.);
#2712=FACE_BOUND('',#2512,.T.);
#2713=FACE_BOUND('',#2513,.T.);
#2714=FACE_BOUND('',#2514,.T.);
#2715=FACE_BOUND('',#2515,.T.);
#2716=FACE_BOUND('',#2516,.T.);
#2717=FACE_BOUND('',#2517,.T.);
#2718=FACE_BOUND('',#2518,.T.);
#2719=FACE_BOUND('',#2519,.T.);
#2720=FACE_BOUND('',#2520,.T.);
#2721=FACE_BOUND('',#2521,.T.);
#2722=FACE_BOUND('',#2522,.T.);
#2723=FACE_BOUND('',#2523,.T.);
#2724=FACE_BOUND('',#2524,.T.);
#2725=FACE_BOUND('',#2525,.T.);
#2726=FACE_BOUND('',#2526,.T.);
#2727=FACE_BOUND('',#2527,.T.);
#2728=FACE_BOUND('',#2528,.T.);
#2729=FACE_BOUND('',#2529,.T.);
#2730=FACE_BOUND('',#2530,.T.);
#2731=FACE_BOUND('',#2531,.T.);
#2732=FACE_BOUND('',#2532,.T.);
#2733=FACE_BOUND('',#2533,.T.);
#2734=FACE_BOUND('',#2534,.T.);
#2735=FACE_BOUND('',#2535,.T.);
#2736=FACE_BOUND('',#2536,.T.);
#2737=FACE_BOUND('',#2537,.T.);
#2738=FACE_BOUND('',#2538,.T.);
#2739=FACE_BOUND('',#2539,.T.);
#2740=FACE_BOUND('',#2540,.T.);
#2741=FACE_BOUND('',#2541,.T.);
#2742=FACE_BOUND('',#2542,.T.);
#2743=FACE_BOUND('',#2543,.T.);
#2744=PLANE('',#4195);
#2745=PLANE('',#4196);
#2746=PLANE('',#4197);
#2747=PLANE('',#4198);
#2748=PLANE('',#4199);
#2749=PLANE('',#4200);
#2750=PLANE('',#4201);
#2751=PLANE('',#4202);
#2752=PLANE('',#4203);
#2753=PLANE('',#4204);
#2754=PLANE('',#4205);
#2755=PLANE('',#4206);
#2756=PLANE('',#4207);
#2757=PLANE('',#4208);
#2758=PLANE('',#4209);
#2759=PLANE('',#4210);
#2760=PLANE('',#4211);
#2761=PLANE('',#4212);
#2762=PLANE('',#4213);
#2763=PLANE('',#4214);
#2764=PLANE('',#4215);
#2765=PLANE('',#4216);
#2766=PLANE('',#4217);
#2767=PLANE('',#4218);
#2768=PLANE('',#4219);
#2769=PLANE('',#4220);
#2770=PLANE('',#4221);
#2771=PLANE('',#4222);
#2772=PLANE('',#4223);
#2773=PLANE('',#4224);
#2774=PLANE('',#4225);
#2775=PLANE('',#4226);
#2776=PLANE('',#4227);
#2777=PLANE('',#4228);
#2778=PLANE('',#4229);
#2779=PLANE('',#4230);
#2780=PLANE('',#4231);
#2781=PLANE('',#4232);
#2782=PLANE('',#4233);
#2783=PLANE('',#4234);
#2784=PLANE('',#4235);
#2785=PLANE('',#4236);
#2786=PLANE('',#4237);
#2787=PLANE('',#4238);
#2788=PLANE('',#4239);
#2789=PLANE('',#4240);
#2790=PLANE('',#4241);
#2791=PLANE('',#4242);
#2792=PLANE('',#4243);
#2793=PLANE('',#4244);
#2794=PLANE('',#4245);
#2795=PLANE('',#4246);
#2796=PLANE('',#4247);
#2797=PLANE('',#4248);
#2798=PLANE('',#4249);
#2799=PLANE('',#4250);
#2800=PLANE('',#4251);
#2801=PLANE('',#4252);
#2802=PLANE('',#4253);
#2803=PLANE('',#4254);
#2804=PLANE('',#4255);
#2805=PLANE('',#4256);
#2806=PLANE('',#4257);
#2807=PLANE('',#4258);
#2808=PLANE('',#4259);
#2809=PLANE('',#4260);
#2810=PLANE('',#4261);
#2811=PLANE('',#4262);
#2812=PLANE('',#4263);
#2813=PLANE('',#4264);
#2814=PLANE('',#4265);
#2815=PLANE('',#4266);
#2816=PLANE('',#4267);
#2817=PLANE('',#4268);
#2818=PLANE('',#4269);
#2819=PLANE('',#4270);
#2820=PLANE('',#4271);
#2821=PLANE('',#4272);
#2822=PLANE('',#4273);
#2823=PLANE('',#4274);
#2824=PLANE('',#4275);
#2825=PLANE('',#4276);
#2826=PLANE('',#4277);
#2827=PLANE('',#4278);
#2828=PLANE('',#4279);
#2829=PLANE('',#4280);
#2830=PLANE('',#4281);
#2831=PLANE('',#4282);
#2832=PLANE('',#4283);
#2833=PLANE('',#4284);
#2834=PLANE('',#4285);
#2835=PLANE('',#4286);
#2836=PLANE('',#4287);
#2837=PLANE('',#4288);
#2838=PLANE('',#4289);
#2839=PLANE('',#4290);
#2840=PLANE('',#4291);
#2841=PLANE('',#4292);
#2842=PLANE('',#4293);
#2843=PLANE('',#4294);
#2844=PLANE('',#4295);
#2845=PLANE('',#4296);
#2846=PLANE('',#4297);
#2847=PLANE('',#4298);
#2848=PLANE('',#4299);
#2849=PLANE('',#4300);
#2850=PLANE('',#4301);
#2851=PLANE('',#4302);
#2852=PLANE('',#4303);
#2853=PLANE('',#4304);
#2854=PLANE('',#4305);
#2855=PLANE('',#4306);
#2856=PLANE('',#4307);
#2857=PLANE('',#4308);
#2858=PLANE('',#4309);
#2859=PLANE('',#4310);
#2860=PLANE('',#4311);
#2861=PLANE('',#4312);
#2862=PLANE('',#4313);
#2863=PLANE('',#4314);
#2864=PLANE('',#4315);
#2865=PLANE('',#4316);
#2866=PLANE('',#4317);
#2867=PLANE('',#4318);
#2868=PLANE('',#4319);
#2869=PLANE('',#4320);
#2870=PLANE('',#4321);
#2871=PLANE('',#4322);
#2872=PLANE('',#4323);
#2873=PLANE('',#4324);
#2874=PLANE('',#4325);
#2875=PLANE('',#4326);
#2876=PLANE('',#4327);
#2877=PLANE('',#4328);
#2878=PLANE('',#4329);
#2879=PLANE('',#4330);
#2880=PLANE('',#4331);
#2881=PLANE('',#4332);
#2882=PLANE('',#4333);
#2883=PLANE('',#4334);
#2884=PLANE('',#4335);
#2885=PLANE('',#4336);
#2886=PLANE('',#4337);
#2887=PLANE('',#4338);
#2888=PLANE('',#4339);
#2889=PLANE('',#4340);
#2890=PLANE('',#4341);
#2891=PLANE('',#4342);
#2892=PLANE('',#4343);
#2893=PLANE('',#4344);
#2894=PLANE('',#4345);
#2895=PLANE('',#4346);
#2896=PLANE('',#4347);
#2897=PLANE('',#4348);
#2898=PLANE('',#4349);
#2899=PLANE('',#4350);
#2900=PLANE('',#4352);
#2901=PLANE('',#4353);
#2902=PLANE('',#4354);
#2903=PLANE('',#4355);
#2904=PLANE('',#4358);
#2905=PLANE('',#4361);
#2906=PLANE('',#4362);
#2907=PLANE('',#4363);
#2908=PLANE('',#4365);
#2909=PLANE('',#4367);
#2910=PLANE('',#4368);
#2911=PLANE('',#4369);
#2912=STYLED_ITEM('',(#3069),#4014);
#2913=STYLED_ITEM('',(#3070),#4015);
#2914=STYLED_ITEM('',(#3071),#4016);
#2915=STYLED_ITEM('',(#3072),#4017);
#2916=STYLED_ITEM('',(#3073),#4018);
#2917=STYLED_ITEM('',(#3074),#4019);
#2918=STYLED_ITEM('',(#3075),#4020);
#2919=STYLED_ITEM('',(#3076),#4021);
#2920=STYLED_ITEM('',(#3077),#4022);
#2921=STYLED_ITEM('',(#3078),#4023);
#2922=STYLED_ITEM('',(#3079),#4024);
#2923=STYLED_ITEM('',(#3080),#4025);
#2924=STYLED_ITEM('',(#3081),#4026);
#2925=STYLED_ITEM('',(#3082),#4027);
#2926=STYLED_ITEM('',(#3083),#4028);
#2927=STYLED_ITEM('',(#3084),#4029);
#2928=STYLED_ITEM('',(#3085),#4030);
#2929=STYLED_ITEM('',(#3086),#4031);
#2930=STYLED_ITEM('',(#3087),#4032);
#2931=STYLED_ITEM('',(#3088),#4033);
#2932=STYLED_ITEM('',(#3089),#4034);
#2933=STYLED_ITEM('',(#3090),#4035);
#2934=STYLED_ITEM('',(#3091),#4036);
#2935=STYLED_ITEM('',(#3092),#4037);
#2936=STYLED_ITEM('',(#3093),#4038);
#2937=STYLED_ITEM('',(#3094),#4039);
#2938=STYLED_ITEM('',(#3095),#4040);
#2939=STYLED_ITEM('',(#3096),#4041);
#2940=STYLED_ITEM('',(#3097),#4042);
#2941=STYLED_ITEM('',(#3098),#4043);
#2942=STYLED_ITEM('',(#3099),#4044);
#2943=STYLED_ITEM('',(#3100),#4045);
#2944=STYLED_ITEM('',(#3101),#4046);
#2945=STYLED_ITEM('',(#3102),#4047);
#2946=STYLED_ITEM('',(#3103),#4048);
#2947=STYLED_ITEM('',(#3104),#4049);
#2948=STYLED_ITEM('',(#3105),#4050);
#2949=STYLED_ITEM('',(#3106),#4051);
#2950=STYLED_ITEM('',(#3107),#4052);
#2951=STYLED_ITEM('',(#3108),#4053);
#2952=STYLED_ITEM('',(#3109),#4054);
#2953=STYLED_ITEM('',(#3110),#4055);
#2954=STYLED_ITEM('',(#3111),#4056);
#2955=STYLED_ITEM('',(#3112),#4057);
#2956=STYLED_ITEM('',(#3113),#4058);
#2957=STYLED_ITEM('',(#3114),#4059);
#2958=STYLED_ITEM('',(#3115),#4060);
#2959=STYLED_ITEM('',(#3116),#4061);
#2960=STYLED_ITEM('',(#3117),#4062);
#2961=STYLED_ITEM('',(#3118),#4063);
#2962=STYLED_ITEM('',(#3119),#4064);
#2963=STYLED_ITEM('',(#3120),#4065);
#2964=STYLED_ITEM('',(#3121),#4066);
#2965=STYLED_ITEM('',(#3122),#4067);
#2966=STYLED_ITEM('',(#3123),#4068);
#2967=STYLED_ITEM('',(#3124),#4069);
#2968=STYLED_ITEM('',(#3125),#4070);
#2969=STYLED_ITEM('',(#3126),#4071);
#2970=STYLED_ITEM('',(#3127),#4072);
#2971=STYLED_ITEM('',(#3128),#4073);
#2972=STYLED_ITEM('',(#3129),#4074);
#2973=STYLED_ITEM('',(#3130),#4075);
#2974=STYLED_ITEM('',(#3131),#4076);
#2975=STYLED_ITEM('',(#3132),#4077);
#2976=STYLED_ITEM('',(#3133),#4078);
#2977=STYLED_ITEM('',(#3134),#4079);
#2978=STYLED_ITEM('',(#3135),#4080);
#2979=STYLED_ITEM('',(#3136),#4081);
#2980=STYLED_ITEM('',(#3137),#4082);
#2981=STYLED_ITEM('',(#3138),#4083);
#2982=STYLED_ITEM('',(#3139),#4084);
#2983=STYLED_ITEM('',(#3140),#4085);
#2984=STYLED_ITEM('',(#3141),#4086);
#2985=STYLED_ITEM('',(#3142),#4087);
#2986=STYLED_ITEM('',(#3143),#4088);
#2987=STYLED_ITEM('',(#3144),#4089);
#2988=STYLED_ITEM('',(#3145),#4090);
#2989=STYLED_ITEM('',(#3146),#4091);
#2990=STYLED_ITEM('',(#3147),#4092);
#2991=STYLED_ITEM('',(#3148),#4093);
#2992=STYLED_ITEM('',(#3149),#4094);
#2993=STYLED_ITEM('',(#3150),#4095);
#2994=STYLED_ITEM('',(#3151),#4096);
#2995=STYLED_ITEM('',(#3152),#4097);
#2996=STYLED_ITEM('',(#3153),#4098);
#2997=STYLED_ITEM('',(#3154),#4099);
#2998=STYLED_ITEM('',(#3155),#4100);
#2999=STYLED_ITEM('',(#3156),#4101);
#3000=STYLED_ITEM('',(#3157),#4102);
#3001=STYLED_ITEM('',(#3158),#4103);
#3002=STYLED_ITEM('',(#3159),#4104);
#3003=STYLED_ITEM('',(#3160),#4105);
#3004=STYLED_ITEM('',(#3161),#4106);
#3005=STYLED_ITEM('',(#3162),#4107);
#3006=STYLED_ITEM('',(#3163),#4108);
#3007=STYLED_ITEM('',(#3164),#4109);
#3008=STYLED_ITEM('',(#3165),#4110);
#3009=STYLED_ITEM('',(#3166),#4111);
#3010=STYLED_ITEM('',(#3167),#4112);
#3011=STYLED_ITEM('',(#3168),#4113);
#3012=STYLED_ITEM('',(#3169),#4114);
#3013=STYLED_ITEM('',(#3170),#4115);
#3014=STYLED_ITEM('',(#3171),#4116);
#3015=STYLED_ITEM('',(#3172),#4117);
#3016=STYLED_ITEM('',(#3173),#4118);
#3017=STYLED_ITEM('',(#3174),#4119);
#3018=STYLED_ITEM('',(#3175),#4120);
#3019=STYLED_ITEM('',(#3176),#4121);
#3020=STYLED_ITEM('',(#3177),#4122);
#3021=STYLED_ITEM('',(#3178),#4123);
#3022=STYLED_ITEM('',(#3179),#4124);
#3023=STYLED_ITEM('',(#3180),#4125);
#3024=STYLED_ITEM('',(#3181),#4126);
#3025=STYLED_ITEM('',(#3182),#4127);
#3026=STYLED_ITEM('',(#3183),#4128);
#3027=STYLED_ITEM('',(#3184),#4129);
#3028=STYLED_ITEM('',(#3185),#4130);
#3029=STYLED_ITEM('',(#3186),#4131);
#3030=STYLED_ITEM('',(#3187),#4132);
#3031=STYLED_ITEM('',(#3188),#4133);
#3032=STYLED_ITEM('',(#3189),#4134);
#3033=STYLED_ITEM('',(#3190),#4135);
#3034=STYLED_ITEM('',(#3191),#4136);
#3035=STYLED_ITEM('',(#3192),#4137);
#3036=STYLED_ITEM('',(#3193),#4138);
#3037=STYLED_ITEM('',(#3194),#4139);
#3038=STYLED_ITEM('',(#3195),#4140);
#3039=STYLED_ITEM('',(#3196),#4141);
#3040=STYLED_ITEM('',(#3197),#4142);
#3041=STYLED_ITEM('',(#3198),#4143);
#3042=STYLED_ITEM('',(#3199),#4144);
#3043=STYLED_ITEM('',(#3200),#4145);
#3044=STYLED_ITEM('',(#3201),#4146);
#3045=STYLED_ITEM('',(#3202),#4147);
#3046=STYLED_ITEM('',(#3203),#4148);
#3047=STYLED_ITEM('',(#3204),#4149);
#3048=STYLED_ITEM('',(#3205),#4150);
#3049=STYLED_ITEM('',(#3206),#4151);
#3050=STYLED_ITEM('',(#3207),#4152);
#3051=STYLED_ITEM('',(#3208),#4153);
#3052=STYLED_ITEM('',(#3209),#4154);
#3053=STYLED_ITEM('',(#3210),#4155);
#3054=STYLED_ITEM('',(#3211),#4156);
#3055=STYLED_ITEM('',(#3212),#4157);
#3056=STYLED_ITEM('',(#3213),#4158);
#3057=STYLED_ITEM('',(#3214),#4159);
#3058=STYLED_ITEM('',(#3215),#4160);
#3059=STYLED_ITEM('',(#3216),#4161);
#3060=STYLED_ITEM('',(#3217),#4162);
#3061=STYLED_ITEM('',(#3218),#4163);
#3062=STYLED_ITEM('',(#3219),#4164);
#3063=STYLED_ITEM('',(#3220),#4165);
#3064=STYLED_ITEM('',(#3221),#4166);
#3065=STYLED_ITEM('',(#3222),#4167);
#3066=STYLED_ITEM('',(#3223),#4168);
#3067=STYLED_ITEM('',(#3224),#4169);
#3068=STYLED_ITEM('',(#3225),#4187);
#3069=PRESENTATION_STYLE_ASSIGNMENT((#3226));
#3070=PRESENTATION_STYLE_ASSIGNMENT((#3227));
#3071=PRESENTATION_STYLE_ASSIGNMENT((#3228));
#3072=PRESENTATION_STYLE_ASSIGNMENT((#3229));
#3073=PRESENTATION_STYLE_ASSIGNMENT((#3230));
#3074=PRESENTATION_STYLE_ASSIGNMENT((#3231));
#3075=PRESENTATION_STYLE_ASSIGNMENT((#3232));
#3076=PRESENTATION_STYLE_ASSIGNMENT((#3233));
#3077=PRESENTATION_STYLE_ASSIGNMENT((#3234));
#3078=PRESENTATION_STYLE_ASSIGNMENT((#3235));
#3079=PRESENTATION_STYLE_ASSIGNMENT((#3236));
#3080=PRESENTATION_STYLE_ASSIGNMENT((#3237));
#3081=PRESENTATION_STYLE_ASSIGNMENT((#3238));
#3082=PRESENTATION_STYLE_ASSIGNMENT((#3239));
#3083=PRESENTATION_STYLE_ASSIGNMENT((#3240));
#3084=PRESENTATION_STYLE_ASSIGNMENT((#3241));
#3085=PRESENTATION_STYLE_ASSIGNMENT((#3242));
#3086=PRESENTATION_STYLE_ASSIGNMENT((#3243));
#3087=PRESENTATION_STYLE_ASSIGNMENT((#3244));
#3088=PRESENTATION_STYLE_ASSIGNMENT((#3245));
#3089=PRESENTATION_STYLE_ASSIGNMENT((#3246));
#3090=PRESENTATION_STYLE_ASSIGNMENT((#3247));
#3091=PRESENTATION_STYLE_ASSIGNMENT((#3248));
#3092=PRESENTATION_STYLE_ASSIGNMENT((#3249));
#3093=PRESENTATION_STYLE_ASSIGNMENT((#3250));
#3094=PRESENTATION_STYLE_ASSIGNMENT((#3251));
#3095=PRESENTATION_STYLE_ASSIGNMENT((#3252));
#3096=PRESENTATION_STYLE_ASSIGNMENT((#3253));
#3097=PRESENTATION_STYLE_ASSIGNMENT((#3254));
#3098=PRESENTATION_STYLE_ASSIGNMENT((#3255));
#3099=PRESENTATION_STYLE_ASSIGNMENT((#3256));
#3100=PRESENTATION_STYLE_ASSIGNMENT((#3257));
#3101=PRESENTATION_STYLE_ASSIGNMENT((#3258));
#3102=PRESENTATION_STYLE_ASSIGNMENT((#3259));
#3103=PRESENTATION_STYLE_ASSIGNMENT((#3260));
#3104=PRESENTATION_STYLE_ASSIGNMENT((#3261));
#3105=PRESENTATION_STYLE_ASSIGNMENT((#3262));
#3106=PRESENTATION_STYLE_ASSIGNMENT((#3263));
#3107=PRESENTATION_STYLE_ASSIGNMENT((#3264));
#3108=PRESENTATION_STYLE_ASSIGNMENT((#3265));
#3109=PRESENTATION_STYLE_ASSIGNMENT((#3266));
#3110=PRESENTATION_STYLE_ASSIGNMENT((#3267));
#3111=PRESENTATION_STYLE_ASSIGNMENT((#3268));
#3112=PRESENTATION_STYLE_ASSIGNMENT((#3269));
#3113=PRESENTATION_STYLE_ASSIGNMENT((#3270));
#3114=PRESENTATION_STYLE_ASSIGNMENT((#3271));
#3115=PRESENTATION_STYLE_ASSIGNMENT((#3272));
#3116=PRESENTATION_STYLE_ASSIGNMENT((#3273));
#3117=PRESENTATION_STYLE_ASSIGNMENT((#3274));
#3118=PRESENTATION_STYLE_ASSIGNMENT((#3275));
#3119=PRESENTATION_STYLE_ASSIGNMENT((#3276));
#3120=PRESENTATION_STYLE_ASSIGNMENT((#3277));
#3121=PRESENTATION_STYLE_ASSIGNMENT((#3278));
#3122=PRESENTATION_STYLE_ASSIGNMENT((#3279));
#3123=PRESENTATION_STYLE_ASSIGNMENT((#3280));
#3124=PRESENTATION_STYLE_ASSIGNMENT((#3281));
#3125=PRESENTATION_STYLE_ASSIGNMENT((#3282));
#3126=PRESENTATION_STYLE_ASSIGNMENT((#3283));
#3127=PRESENTATION_STYLE_ASSIGNMENT((#3284));
#3128=PRESENTATION_STYLE_ASSIGNMENT((#3285));
#3129=PRESENTATION_STYLE_ASSIGNMENT((#3286));
#3130=PRESENTATION_STYLE_ASSIGNMENT((#3287));
#3131=PRESENTATION_STYLE_ASSIGNMENT((#3288));
#3132=PRESENTATION_STYLE_ASSIGNMENT((#3289));
#3133=PRESENTATION_STYLE_ASSIGNMENT((#3290));
#3134=PRESENTATION_STYLE_ASSIGNMENT((#3291));
#3135=PRESENTATION_STYLE_ASSIGNMENT((#3292));
#3136=PRESENTATION_STYLE_ASSIGNMENT((#3293));
#3137=PRESENTATION_STYLE_ASSIGNMENT((#3294));
#3138=PRESENTATION_STYLE_ASSIGNMENT((#3295));
#3139=PRESENTATION_STYLE_ASSIGNMENT((#3296));
#3140=PRESENTATION_STYLE_ASSIGNMENT((#3297));
#3141=PRESENTATION_STYLE_ASSIGNMENT((#3298));
#3142=PRESENTATION_STYLE_ASSIGNMENT((#3299));
#3143=PRESENTATION_STYLE_ASSIGNMENT((#3300));
#3144=PRESENTATION_STYLE_ASSIGNMENT((#3301));
#3145=PRESENTATION_STYLE_ASSIGNMENT((#3302));
#3146=PRESENTATION_STYLE_ASSIGNMENT((#3303));
#3147=PRESENTATION_STYLE_ASSIGNMENT((#3304));
#3148=PRESENTATION_STYLE_ASSIGNMENT((#3305));
#3149=PRESENTATION_STYLE_ASSIGNMENT((#3306));
#3150=PRESENTATION_STYLE_ASSIGNMENT((#3307));
#3151=PRESENTATION_STYLE_ASSIGNMENT((#3308));
#3152=PRESENTATION_STYLE_ASSIGNMENT((#3309));
#3153=PRESENTATION_STYLE_ASSIGNMENT((#3310));
#3154=PRESENTATION_STYLE_ASSIGNMENT((#3311));
#3155=PRESENTATION_STYLE_ASSIGNMENT((#3312));
#3156=PRESENTATION_STYLE_ASSIGNMENT((#3313));
#3157=PRESENTATION_STYLE_ASSIGNMENT((#3314));
#3158=PRESENTATION_STYLE_ASSIGNMENT((#3315));
#3159=PRESENTATION_STYLE_ASSIGNMENT((#3316));
#3160=PRESENTATION_STYLE_ASSIGNMENT((#3317));
#3161=PRESENTATION_STYLE_ASSIGNMENT((#3318));
#3162=PRESENTATION_STYLE_ASSIGNMENT((#3319));
#3163=PRESENTATION_STYLE_ASSIGNMENT((#3320));
#3164=PRESENTATION_STYLE_ASSIGNMENT((#3321));
#3165=PRESENTATION_STYLE_ASSIGNMENT((#3322));
#3166=PRESENTATION_STYLE_ASSIGNMENT((#3323));
#3167=PRESENTATION_STYLE_ASSIGNMENT((#3324));
#3168=PRESENTATION_STYLE_ASSIGNMENT((#3325));
#3169=PRESENTATION_STYLE_ASSIGNMENT((#3326));
#3170=PRESENTATION_STYLE_ASSIGNMENT((#3327));
#3171=PRESENTATION_STYLE_ASSIGNMENT((#3328));
#3172=PRESENTATION_STYLE_ASSIGNMENT((#3329));
#3173=PRESENTATION_STYLE_ASSIGNMENT((#3330));
#3174=PRESENTATION_STYLE_ASSIGNMENT((#3331));
#3175=PRESENTATION_STYLE_ASSIGNMENT((#3332));
#3176=PRESENTATION_STYLE_ASSIGNMENT((#3333));
#3177=PRESENTATION_STYLE_ASSIGNMENT((#3334));
#3178=PRESENTATION_STYLE_ASSIGNMENT((#3335));
#3179=PRESENTATION_STYLE_ASSIGNMENT((#3336));
#3180=PRESENTATION_STYLE_ASSIGNMENT((#3337));
#3181=PRESENTATION_STYLE_ASSIGNMENT((#3338));
#3182=PRESENTATION_STYLE_ASSIGNMENT((#3339));
#3183=PRESENTATION_STYLE_ASSIGNMENT((#3340));
#3184=PRESENTATION_STYLE_ASSIGNMENT((#3341));
#3185=PRESENTATION_STYLE_ASSIGNMENT((#3342));
#3186=PRESENTATION_STYLE_ASSIGNMENT((#3343));
#3187=PRESENTATION_STYLE_ASSIGNMENT((#3344));
#3188=PRESENTATION_STYLE_ASSIGNMENT((#3345));
#3189=PRESENTATION_STYLE_ASSIGNMENT((#3346));
#3190=PRESENTATION_STYLE_ASSIGNMENT((#3347));
#3191=PRESENTATION_STYLE_ASSIGNMENT((#3348));
#3192=PRESENTATION_STYLE_ASSIGNMENT((#3349));
#3193=PRESENTATION_STYLE_ASSIGNMENT((#3350));
#3194=PRESENTATION_STYLE_ASSIGNMENT((#3351));
#3195=PRESENTATION_STYLE_ASSIGNMENT((#3352));
#3196=PRESENTATION_STYLE_ASSIGNMENT((#3353));
#3197=PRESENTATION_STYLE_ASSIGNMENT((#3354));
#3198=PRESENTATION_STYLE_ASSIGNMENT((#3355));
#3199=PRESENTATION_STYLE_ASSIGNMENT((#3356));
#3200=PRESENTATION_STYLE_ASSIGNMENT((#3357));
#3201=PRESENTATION_STYLE_ASSIGNMENT((#3358));
#3202=PRESENTATION_STYLE_ASSIGNMENT((#3359));
#3203=PRESENTATION_STYLE_ASSIGNMENT((#3360));
#3204=PRESENTATION_STYLE_ASSIGNMENT((#3361));
#3205=PRESENTATION_STYLE_ASSIGNMENT((#3362));
#3206=PRESENTATION_STYLE_ASSIGNMENT((#3363));
#3207=PRESENTATION_STYLE_ASSIGNMENT((#3364));
#3208=PRESENTATION_STYLE_ASSIGNMENT((#3365));
#3209=PRESENTATION_STYLE_ASSIGNMENT((#3366));
#3210=PRESENTATION_STYLE_ASSIGNMENT((#3367));
#3211=PRESENTATION_STYLE_ASSIGNMENT((#3368));
#3212=PRESENTATION_STYLE_ASSIGNMENT((#3369));
#3213=PRESENTATION_STYLE_ASSIGNMENT((#3370));
#3214=PRESENTATION_STYLE_ASSIGNMENT((#3371));
#3215=PRESENTATION_STYLE_ASSIGNMENT((#3372));
#3216=PRESENTATION_STYLE_ASSIGNMENT((#3373));
#3217=PRESENTATION_STYLE_ASSIGNMENT((#3374));
#3218=PRESENTATION_STYLE_ASSIGNMENT((#3375));
#3219=PRESENTATION_STYLE_ASSIGNMENT((#3376));
#3220=PRESENTATION_STYLE_ASSIGNMENT((#3377));
#3221=PRESENTATION_STYLE_ASSIGNMENT((#3378));
#3222=PRESENTATION_STYLE_ASSIGNMENT((#3379));
#3223=PRESENTATION_STYLE_ASSIGNMENT((#3380));
#3224=PRESENTATION_STYLE_ASSIGNMENT((#3381));
#3225=PRESENTATION_STYLE_ASSIGNMENT((#3382));
#3226=SURFACE_STYLE_USAGE(.BOTH.,#3383);
#3227=SURFACE_STYLE_USAGE(.BOTH.,#3384);
#3228=SURFACE_STYLE_USAGE(.BOTH.,#3385);
#3229=SURFACE_STYLE_USAGE(.BOTH.,#3386);
#3230=SURFACE_STYLE_USAGE(.BOTH.,#3387);
#3231=SURFACE_STYLE_USAGE(.BOTH.,#3388);
#3232=SURFACE_STYLE_USAGE(.BOTH.,#3389);
#3233=SURFACE_STYLE_USAGE(.BOTH.,#3390);
#3234=SURFACE_STYLE_USAGE(.BOTH.,#3391);
#3235=SURFACE_STYLE_USAGE(.BOTH.,#3392);
#3236=SURFACE_STYLE_USAGE(.BOTH.,#3393);
#3237=SURFACE_STYLE_USAGE(.BOTH.,#3394);
#3238=SURFACE_STYLE_USAGE(.BOTH.,#3395);
#3239=SURFACE_STYLE_USAGE(.BOTH.,#3396);
#3240=SURFACE_STYLE_USAGE(.BOTH.,#3397);
#3241=SURFACE_STYLE_USAGE(.BOTH.,#3398);
#3242=SURFACE_STYLE_USAGE(.BOTH.,#3399);
#3243=SURFACE_STYLE_USAGE(.BOTH.,#3400);
#3244=SURFACE_STYLE_USAGE(.BOTH.,#3401);
#3245=SURFACE_STYLE_USAGE(.BOTH.,#3402);
#3246=SURFACE_STYLE_USAGE(.BOTH.,#3403);
#3247=SURFACE_STYLE_USAGE(.BOTH.,#3404);
#3248=SURFACE_STYLE_USAGE(.BOTH.,#3405);
#3249=SURFACE_STYLE_USAGE(.BOTH.,#3406);
#3250=SURFACE_STYLE_USAGE(.BOTH.,#3407);
#3251=SURFACE_STYLE_USAGE(.BOTH.,#3408);
#3252=SURFACE_STYLE_USAGE(.BOTH.,#3409);
#3253=SURFACE_STYLE_USAGE(.BOTH.,#3410);
#3254=SURFACE_STYLE_USAGE(.BOTH.,#3411);
#3255=SURFACE_STYLE_USAGE(.BOTH.,#3412);
#3256=SURFACE_STYLE_USAGE(.BOTH.,#3413);
#3257=SURFACE_STYLE_USAGE(.BOTH.,#3414);
#3258=SURFACE_STYLE_USAGE(.BOTH.,#3415);
#3259=SURFACE_STYLE_USAGE(.BOTH.,#3416);
#3260=SURFACE_STYLE_USAGE(.BOTH.,#3417);
#3261=SURFACE_STYLE_USAGE(.BOTH.,#3418);
#3262=SURFACE_STYLE_USAGE(.BOTH.,#3419);
#3263=SURFACE_STYLE_USAGE(.BOTH.,#3420);
#3264=SURFACE_STYLE_USAGE(.BOTH.,#3421);
#3265=SURFACE_STYLE_USAGE(.BOTH.,#3422);
#3266=SURFACE_STYLE_USAGE(.BOTH.,#3423);
#3267=SURFACE_STYLE_USAGE(.BOTH.,#3424);
#3268=SURFACE_STYLE_USAGE(.BOTH.,#3425);
#3269=SURFACE_STYLE_USAGE(.BOTH.,#3426);
#3270=SURFACE_STYLE_USAGE(.BOTH.,#3427);
#3271=SURFACE_STYLE_USAGE(.BOTH.,#3428);
#3272=SURFACE_STYLE_USAGE(.BOTH.,#3429);
#3273=SURFACE_STYLE_USAGE(.BOTH.,#3430);
#3274=SURFACE_STYLE_USAGE(.BOTH.,#3431);
#3275=SURFACE_STYLE_USAGE(.BOTH.,#3432);
#3276=SURFACE_STYLE_USAGE(.BOTH.,#3433);
#3277=SURFACE_STYLE_USAGE(.BOTH.,#3434);
#3278=SURFACE_STYLE_USAGE(.BOTH.,#3435);
#3279=SURFACE_STYLE_USAGE(.BOTH.,#3436);
#3280=SURFACE_STYLE_USAGE(.BOTH.,#3437);
#3281=SURFACE_STYLE_USAGE(.BOTH.,#3438);
#3282=SURFACE_STYLE_USAGE(.BOTH.,#3439);
#3283=SURFACE_STYLE_USAGE(.BOTH.,#3440);
#3284=SURFACE_STYLE_USAGE(.BOTH.,#3441);
#3285=SURFACE_STYLE_USAGE(.BOTH.,#3442);
#3286=SURFACE_STYLE_USAGE(.BOTH.,#3443);
#3287=SURFACE_STYLE_USAGE(.BOTH.,#3444);
#3288=SURFACE_STYLE_USAGE(.BOTH.,#3445);
#3289=SURFACE_STYLE_USAGE(.BOTH.,#3446);
#3290=SURFACE_STYLE_USAGE(.BOTH.,#3447);
#3291=SURFACE_STYLE_USAGE(.BOTH.,#3448);
#3292=SURFACE_STYLE_USAGE(.BOTH.,#3449);
#3293=SURFACE_STYLE_USAGE(.BOTH.,#3450);
#3294=SURFACE_STYLE_USAGE(.BOTH.,#3451);
#3295=SURFACE_STYLE_USAGE(.BOTH.,#3452);
#3296=SURFACE_STYLE_USAGE(.BOTH.,#3453);
#3297=SURFACE_STYLE_USAGE(.BOTH.,#3454);
#3298=SURFACE_STYLE_USAGE(.BOTH.,#3455);
#3299=SURFACE_STYLE_USAGE(.BOTH.,#3456);
#3300=SURFACE_STYLE_USAGE(.BOTH.,#3457);
#3301=SURFACE_STYLE_USAGE(.BOTH.,#3458);
#3302=SURFACE_STYLE_USAGE(.BOTH.,#3459);
#3303=SURFACE_STYLE_USAGE(.BOTH.,#3460);
#3304=SURFACE_STYLE_USAGE(.BOTH.,#3461);
#3305=SURFACE_STYLE_USAGE(.BOTH.,#3462);
#3306=SURFACE_STYLE_USAGE(.BOTH.,#3463);
#3307=SURFACE_STYLE_USAGE(.BOTH.,#3464);
#3308=SURFACE_STYLE_USAGE(.BOTH.,#3465);
#3309=SURFACE_STYLE_USAGE(.BOTH.,#3466);
#3310=SURFACE_STYLE_USAGE(.BOTH.,#3467);
#3311=SURFACE_STYLE_USAGE(.BOTH.,#3468);
#3312=SURFACE_STYLE_USAGE(.BOTH.,#3469);
#3313=SURFACE_STYLE_USAGE(.BOTH.,#3470);
#3314=SURFACE_STYLE_USAGE(.BOTH.,#3471);
#3315=SURFACE_STYLE_USAGE(.BOTH.,#3472);
#3316=SURFACE_STYLE_USAGE(.BOTH.,#3473);
#3317=SURFACE_STYLE_USAGE(.BOTH.,#3474);
#3318=SURFACE_STYLE_USAGE(.BOTH.,#3475);
#3319=SURFACE_STYLE_USAGE(.BOTH.,#3476);
#3320=SURFACE_STYLE_USAGE(.BOTH.,#3477);
#3321=SURFACE_STYLE_USAGE(.BOTH.,#3478);
#3322=SURFACE_STYLE_USAGE(.BOTH.,#3479);
#3323=SURFACE_STYLE_USAGE(.BOTH.,#3480);
#3324=SURFACE_STYLE_USAGE(.BOTH.,#3481);
#3325=SURFACE_STYLE_USAGE(.BOTH.,#3482);
#3326=SURFACE_STYLE_USAGE(.BOTH.,#3483);
#3327=SURFACE_STYLE_USAGE(.BOTH.,#3484);
#3328=SURFACE_STYLE_USAGE(.BOTH.,#3485);
#3329=SURFACE_STYLE_USAGE(.BOTH.,#3486);
#3330=SURFACE_STYLE_USAGE(.BOTH.,#3487);
#3331=SURFACE_STYLE_USAGE(.BOTH.,#3488);
#3332=SURFACE_STYLE_USAGE(.BOTH.,#3489);
#3333=SURFACE_STYLE_USAGE(.BOTH.,#3490);
#3334=SURFACE_STYLE_USAGE(.BOTH.,#3491);
#3335=SURFACE_STYLE_USAGE(.BOTH.,#3492);
#3336=SURFACE_STYLE_USAGE(.BOTH.,#3493);
#3337=SURFACE_STYLE_USAGE(.BOTH.,#3494);
#3338=SURFACE_STYLE_USAGE(.BOTH.,#3495);
#3339=SURFACE_STYLE_USAGE(.BOTH.,#3496);
#3340=SURFACE_STYLE_USAGE(.BOTH.,#3497);
#3341=SURFACE_STYLE_USAGE(.BOTH.,#3498);
#3342=SURFACE_STYLE_USAGE(.BOTH.,#3499);
#3343=SURFACE_STYLE_USAGE(.BOTH.,#3500);
#3344=SURFACE_STYLE_USAGE(.BOTH.,#3501);
#3345=SURFACE_STYLE_USAGE(.BOTH.,#3502);
#3346=SURFACE_STYLE_USAGE(.BOTH.,#3503);
#3347=SURFACE_STYLE_USAGE(.BOTH.,#3504);
#3348=SURFACE_STYLE_USAGE(.BOTH.,#3505);
#3349=SURFACE_STYLE_USAGE(.BOTH.,#3506);
#3350=SURFACE_STYLE_USAGE(.BOTH.,#3507);
#3351=SURFACE_STYLE_USAGE(.BOTH.,#3508);
#3352=SURFACE_STYLE_USAGE(.BOTH.,#3509);
#3353=SURFACE_STYLE_USAGE(.BOTH.,#3510);
#3354=SURFACE_STYLE_USAGE(.BOTH.,#3511);
#3355=SURFACE_STYLE_USAGE(.BOTH.,#3512);
#3356=SURFACE_STYLE_USAGE(.BOTH.,#3513);
#3357=SURFACE_STYLE_USAGE(.BOTH.,#3514);
#3358=SURFACE_STYLE_USAGE(.BOTH.,#3515);
#3359=SURFACE_STYLE_USAGE(.BOTH.,#3516);
#3360=SURFACE_STYLE_USAGE(.BOTH.,#3517);
#3361=SURFACE_STYLE_USAGE(.BOTH.,#3518);
#3362=SURFACE_STYLE_USAGE(.BOTH.,#3519);
#3363=SURFACE_STYLE_USAGE(.BOTH.,#3520);
#3364=SURFACE_STYLE_USAGE(.BOTH.,#3521);
#3365=SURFACE_STYLE_USAGE(.BOTH.,#3522);
#3366=SURFACE_STYLE_USAGE(.BOTH.,#3523);
#3367=SURFACE_STYLE_USAGE(.BOTH.,#3524);
#3368=SURFACE_STYLE_USAGE(.BOTH.,#3525);
#3369=SURFACE_STYLE_USAGE(.BOTH.,#3526);
#3370=SURFACE_STYLE_USAGE(.BOTH.,#3527);
#3371=SURFACE_STYLE_USAGE(.BOTH.,#3528);
#3372=SURFACE_STYLE_USAGE(.BOTH.,#3529);
#3373=SURFACE_STYLE_USAGE(.BOTH.,#3530);
#3374=SURFACE_STYLE_USAGE(.BOTH.,#3531);
#3375=SURFACE_STYLE_USAGE(.BOTH.,#3532);
#3376=SURFACE_STYLE_USAGE(.BOTH.,#3533);
#3377=SURFACE_STYLE_USAGE(.BOTH.,#3534);
#3378=SURFACE_STYLE_USAGE(.BOTH.,#3535);
#3379=SURFACE_STYLE_USAGE(.BOTH.,#3536);
#3380=SURFACE_STYLE_USAGE(.BOTH.,#3537);
#3381=SURFACE_STYLE_USAGE(.BOTH.,#3538);
#3382=SURFACE_STYLE_USAGE(.BOTH.,#3539);
#3383=SURFACE_SIDE_STYLE('',(#3540));
#3384=SURFACE_SIDE_STYLE('',(#3541));
#3385=SURFACE_SIDE_STYLE('',(#3542));
#3386=SURFACE_SIDE_STYLE('',(#3543));
#3387=SURFACE_SIDE_STYLE('',(#3544));
#3388=SURFACE_SIDE_STYLE('',(#3545));
#3389=SURFACE_SIDE_STYLE('',(#3546));
#3390=SURFACE_SIDE_STYLE('',(#3547));
#3391=SURFACE_SIDE_STYLE('',(#3548));
#3392=SURFACE_SIDE_STYLE('',(#3549));
#3393=SURFACE_SIDE_STYLE('',(#3550));
#3394=SURFACE_SIDE_STYLE('',(#3551));
#3395=SURFACE_SIDE_STYLE('',(#3552));
#3396=SURFACE_SIDE_STYLE('',(#3553));
#3397=SURFACE_SIDE_STYLE('',(#3554));
#3398=SURFACE_SIDE_STYLE('',(#3555));
#3399=SURFACE_SIDE_STYLE('',(#3556));
#3400=SURFACE_SIDE_STYLE('',(#3557));
#3401=SURFACE_SIDE_STYLE('',(#3558));
#3402=SURFACE_SIDE_STYLE('',(#3559));
#3403=SURFACE_SIDE_STYLE('',(#3560));
#3404=SURFACE_SIDE_STYLE('',(#3561));
#3405=SURFACE_SIDE_STYLE('',(#3562));
#3406=SURFACE_SIDE_STYLE('',(#3563));
#3407=SURFACE_SIDE_STYLE('',(#3564));
#3408=SURFACE_SIDE_STYLE('',(#3565));
#3409=SURFACE_SIDE_STYLE('',(#3566));
#3410=SURFACE_SIDE_STYLE('',(#3567));
#3411=SURFACE_SIDE_STYLE('',(#3568));
#3412=SURFACE_SIDE_STYLE('',(#3569));
#3413=SURFACE_SIDE_STYLE('',(#3570));
#3414=SURFACE_SIDE_STYLE('',(#3571));
#3415=SURFACE_SIDE_STYLE('',(#3572));
#3416=SURFACE_SIDE_STYLE('',(#3573));
#3417=SURFACE_SIDE_STYLE('',(#3574));
#3418=SURFACE_SIDE_STYLE('',(#3575));
#3419=SURFACE_SIDE_STYLE('',(#3576));
#3420=SURFACE_SIDE_STYLE('',(#3577));
#3421=SURFACE_SIDE_STYLE('',(#3578));
#3422=SURFACE_SIDE_STYLE('',(#3579));
#3423=SURFACE_SIDE_STYLE('',(#3580));
#3424=SURFACE_SIDE_STYLE('',(#3581));
#3425=SURFACE_SIDE_STYLE('',(#3582));
#3426=SURFACE_SIDE_STYLE('',(#3583));
#3427=SURFACE_SIDE_STYLE('',(#3584));
#3428=SURFACE_SIDE_STYLE('',(#3585));
#3429=SURFACE_SIDE_STYLE('',(#3586));
#3430=SURFACE_SIDE_STYLE('',(#3587));
#3431=SURFACE_SIDE_STYLE('',(#3588));
#3432=SURFACE_SIDE_STYLE('',(#3589));
#3433=SURFACE_SIDE_STYLE('',(#3590));
#3434=SURFACE_SIDE_STYLE('',(#3591));
#3435=SURFACE_SIDE_STYLE('',(#3592));
#3436=SURFACE_SIDE_STYLE('',(#3593));
#3437=SURFACE_SIDE_STYLE('',(#3594));
#3438=SURFACE_SIDE_STYLE('',(#3595));
#3439=SURFACE_SIDE_STYLE('',(#3596));
#3440=SURFACE_SIDE_STYLE('',(#3597));
#3441=SURFACE_SIDE_STYLE('',(#3598));
#3442=SURFACE_SIDE_STYLE('',(#3599));
#3443=SURFACE_SIDE_STYLE('',(#3600));
#3444=SURFACE_SIDE_STYLE('',(#3601));
#3445=SURFACE_SIDE_STYLE('',(#3602));
#3446=SURFACE_SIDE_STYLE('',(#3603));
#3447=SURFACE_SIDE_STYLE('',(#3604));
#3448=SURFACE_SIDE_STYLE('',(#3605));
#3449=SURFACE_SIDE_STYLE('',(#3606));
#3450=SURFACE_SIDE_STYLE('',(#3607));
#3451=SURFACE_SIDE_STYLE('',(#3608));
#3452=SURFACE_SIDE_STYLE('',(#3609));
#3453=SURFACE_SIDE_STYLE('',(#3610));
#3454=SURFACE_SIDE_STYLE('',(#3611));
#3455=SURFACE_SIDE_STYLE('',(#3612));
#3456=SURFACE_SIDE_STYLE('',(#3613));
#3457=SURFACE_SIDE_STYLE('',(#3614));
#3458=SURFACE_SIDE_STYLE('',(#3615));
#3459=SURFACE_SIDE_STYLE('',(#3616));
#3460=SURFACE_SIDE_STYLE('',(#3617));
#3461=SURFACE_SIDE_STYLE('',(#3618));
#3462=SURFACE_SIDE_STYLE('',(#3619));
#3463=SURFACE_SIDE_STYLE('',(#3620));
#3464=SURFACE_SIDE_STYLE('',(#3621));
#3465=SURFACE_SIDE_STYLE('',(#3622));
#3466=SURFACE_SIDE_STYLE('',(#3623));
#3467=SURFACE_SIDE_STYLE('',(#3624));
#3468=SURFACE_SIDE_STYLE('',(#3625));
#3469=SURFACE_SIDE_STYLE('',(#3626));
#3470=SURFACE_SIDE_STYLE('',(#3627));
#3471=SURFACE_SIDE_STYLE('',(#3628));
#3472=SURFACE_SIDE_STYLE('',(#3629));
#3473=SURFACE_SIDE_STYLE('',(#3630));
#3474=SURFACE_SIDE_STYLE('',(#3631));
#3475=SURFACE_SIDE_STYLE('',(#3632));
#3476=SURFACE_SIDE_STYLE('',(#3633));
#3477=SURFACE_SIDE_STYLE('',(#3634));
#3478=SURFACE_SIDE_STYLE('',(#3635));
#3479=SURFACE_SIDE_STYLE('',(#3636));
#3480=SURFACE_SIDE_STYLE('',(#3637));
#3481=SURFACE_SIDE_STYLE('',(#3638));
#3482=SURFACE_SIDE_STYLE('',(#3639));
#3483=SURFACE_SIDE_STYLE('',(#3640));
#3484=SURFACE_SIDE_STYLE('',(#3641));
#3485=SURFACE_SIDE_STYLE('',(#3642));
#3486=SURFACE_SIDE_STYLE('',(#3643));
#3487=SURFACE_SIDE_STYLE('',(#3644));
#3488=SURFACE_SIDE_STYLE('',(#3645));
#3489=SURFACE_SIDE_STYLE('',(#3646));
#3490=SURFACE_SIDE_STYLE('',(#3647));
#3491=SURFACE_SIDE_STYLE('',(#3648));
#3492=SURFACE_SIDE_STYLE('',(#3649));
#3493=SURFACE_SIDE_STYLE('',(#3650));
#3494=SURFACE_SIDE_STYLE('',(#3651));
#3495=SURFACE_SIDE_STYLE('',(#3652));
#3496=SURFACE_SIDE_STYLE('',(#3653));
#3497=SURFACE_SIDE_STYLE('',(#3654));
#3498=SURFACE_SIDE_STYLE('',(#3655));
#3499=SURFACE_SIDE_STYLE('',(#3656));
#3500=SURFACE_SIDE_STYLE('',(#3657));
#3501=SURFACE_SIDE_STYLE('',(#3658));
#3502=SURFACE_SIDE_STYLE('',(#3659));
#3503=SURFACE_SIDE_STYLE('',(#3660));
#3504=SURFACE_SIDE_STYLE('',(#3661));
#3505=SURFACE_SIDE_STYLE('',(#3662));
#3506=SURFACE_SIDE_STYLE('',(#3663));
#3507=SURFACE_SIDE_STYLE('',(#3664));
#3508=SURFACE_SIDE_STYLE('',(#3665));
#3509=SURFACE_SIDE_STYLE('',(#3666));
#3510=SURFACE_SIDE_STYLE('',(#3667));
#3511=SURFACE_SIDE_STYLE('',(#3668));
#3512=SURFACE_SIDE_STYLE('',(#3669));
#3513=SURFACE_SIDE_STYLE('',(#3670));
#3514=SURFACE_SIDE_STYLE('',(#3671));
#3515=SURFACE_SIDE_STYLE('',(#3672));
#3516=SURFACE_SIDE_STYLE('',(#3673));
#3517=SURFACE_SIDE_STYLE('',(#3674));
#3518=SURFACE_SIDE_STYLE('',(#3675));
#3519=SURFACE_SIDE_STYLE('',(#3676));
#3520=SURFACE_SIDE_STYLE('',(#3677));
#3521=SURFACE_SIDE_STYLE('',(#3678));
#3522=SURFACE_SIDE_STYLE('',(#3679));
#3523=SURFACE_SIDE_STYLE('',(#3680));
#3524=SURFACE_SIDE_STYLE('',(#3681));
#3525=SURFACE_SIDE_STYLE('',(#3682));
#3526=SURFACE_SIDE_STYLE('',(#3683));
#3527=SURFACE_SIDE_STYLE('',(#3684));
#3528=SURFACE_SIDE_STYLE('',(#3685));
#3529=SURFACE_SIDE_STYLE('',(#3686));
#3530=SURFACE_SIDE_STYLE('',(#3687));
#3531=SURFACE_SIDE_STYLE('',(#3688));
#3532=SURFACE_SIDE_STYLE('',(#3689));
#3533=SURFACE_SIDE_STYLE('',(#3690));
#3534=SURFACE_SIDE_STYLE('',(#3691));
#3535=SURFACE_SIDE_STYLE('',(#3692));
#3536=SURFACE_SIDE_STYLE('',(#3693));
#3537=SURFACE_SIDE_STYLE('',(#3694));
#3538=SURFACE_SIDE_STYLE('',(#3695));
#3539=SURFACE_SIDE_STYLE('',(#3696));
#3540=SURFACE_STYLE_FILL_AREA(#3697);
#3541=SURFACE_STYLE_FILL_AREA(#3698);
#3542=SURFACE_STYLE_FILL_AREA(#3699);
#3543=SURFACE_STYLE_FILL_AREA(#3700);
#3544=SURFACE_STYLE_FILL_AREA(#3701);
#3545=SURFACE_STYLE_FILL_AREA(#3702);
#3546=SURFACE_STYLE_FILL_AREA(#3703);
#3547=SURFACE_STYLE_FILL_AREA(#3704);
#3548=SURFACE_STYLE_FILL_AREA(#3705);
#3549=SURFACE_STYLE_FILL_AREA(#3706);
#3550=SURFACE_STYLE_FILL_AREA(#3707);
#3551=SURFACE_STYLE_FILL_AREA(#3708);
#3552=SURFACE_STYLE_FILL_AREA(#3709);
#3553=SURFACE_STYLE_FILL_AREA(#3710);
#3554=SURFACE_STYLE_FILL_AREA(#3711);
#3555=SURFACE_STYLE_FILL_AREA(#3712);
#3556=SURFACE_STYLE_FILL_AREA(#3713);
#3557=SURFACE_STYLE_FILL_AREA(#3714);
#3558=SURFACE_STYLE_FILL_AREA(#3715);
#3559=SURFACE_STYLE_FILL_AREA(#3716);
#3560=SURFACE_STYLE_FILL_AREA(#3717);
#3561=SURFACE_STYLE_FILL_AREA(#3718);
#3562=SURFACE_STYLE_FILL_AREA(#3719);
#3563=SURFACE_STYLE_FILL_AREA(#3720);
#3564=SURFACE_STYLE_FILL_AREA(#3721);
#3565=SURFACE_STYLE_FILL_AREA(#3722);
#3566=SURFACE_STYLE_FILL_AREA(#3723);
#3567=SURFACE_STYLE_FILL_AREA(#3724);
#3568=SURFACE_STYLE_FILL_AREA(#3725);
#3569=SURFACE_STYLE_FILL_AREA(#3726);
#3570=SURFACE_STYLE_FILL_AREA(#3727);
#3571=SURFACE_STYLE_FILL_AREA(#3728);
#3572=SURFACE_STYLE_FILL_AREA(#3729);
#3573=SURFACE_STYLE_FILL_AREA(#3730);
#3574=SURFACE_STYLE_FILL_AREA(#3731);
#3575=SURFACE_STYLE_FILL_AREA(#3732);
#3576=SURFACE_STYLE_FILL_AREA(#3733);
#3577=SURFACE_STYLE_FILL_AREA(#3734);
#3578=SURFACE_STYLE_FILL_AREA(#3735);
#3579=SURFACE_STYLE_FILL_AREA(#3736);
#3580=SURFACE_STYLE_FILL_AREA(#3737);
#3581=SURFACE_STYLE_FILL_AREA(#3738);
#3582=SURFACE_STYLE_FILL_AREA(#3739);
#3583=SURFACE_STYLE_FILL_AREA(#3740);
#3584=SURFACE_STYLE_FILL_AREA(#3741);
#3585=SURFACE_STYLE_FILL_AREA(#3742);
#3586=SURFACE_STYLE_FILL_AREA(#3743);
#3587=SURFACE_STYLE_FILL_AREA(#3744);
#3588=SURFACE_STYLE_FILL_AREA(#3745);
#3589=SURFACE_STYLE_FILL_AREA(#3746);
#3590=SURFACE_STYLE_FILL_AREA(#3747);
#3591=SURFACE_STYLE_FILL_AREA(#3748);
#3592=SURFACE_STYLE_FILL_AREA(#3749);
#3593=SURFACE_STYLE_FILL_AREA(#3750);
#3594=SURFACE_STYLE_FILL_AREA(#3751);
#3595=SURFACE_STYLE_FILL_AREA(#3752);
#3596=SURFACE_STYLE_FILL_AREA(#3753);
#3597=SURFACE_STYLE_FILL_AREA(#3754);
#3598=SURFACE_STYLE_FILL_AREA(#3755);
#3599=SURFACE_STYLE_FILL_AREA(#3756);
#3600=SURFACE_STYLE_FILL_AREA(#3757);
#3601=SURFACE_STYLE_FILL_AREA(#3758);
#3602=SURFACE_STYLE_FILL_AREA(#3759);
#3603=SURFACE_STYLE_FILL_AREA(#3760);
#3604=SURFACE_STYLE_FILL_AREA(#3761);
#3605=SURFACE_STYLE_FILL_AREA(#3762);
#3606=SURFACE_STYLE_FILL_AREA(#3763);
#3607=SURFACE_STYLE_FILL_AREA(#3764);
#3608=SURFACE_STYLE_FILL_AREA(#3765);
#3609=SURFACE_STYLE_FILL_AREA(#3766);
#3610=SURFACE_STYLE_FILL_AREA(#3767);
#3611=SURFACE_STYLE_FILL_AREA(#3768);
#3612=SURFACE_STYLE_FILL_AREA(#3769);
#3613=SURFACE_STYLE_FILL_AREA(#3770);
#3614=SURFACE_STYLE_FILL_AREA(#3771);
#3615=SURFACE_STYLE_FILL_AREA(#3772);
#3616=SURFACE_STYLE_FILL_AREA(#3773);
#3617=SURFACE_STYLE_FILL_AREA(#3774);
#3618=SURFACE_STYLE_FILL_AREA(#3775);
#3619=SURFACE_STYLE_FILL_AREA(#3776);
#3620=SURFACE_STYLE_FILL_AREA(#3777);
#3621=SURFACE_STYLE_FILL_AREA(#3778);
#3622=SURFACE_STYLE_FILL_AREA(#3779);
#3623=SURFACE_STYLE_FILL_AREA(#3780);
#3624=SURFACE_STYLE_FILL_AREA(#3781);
#3625=SURFACE_STYLE_FILL_AREA(#3782);
#3626=SURFACE_STYLE_FILL_AREA(#3783);
#3627=SURFACE_STYLE_FILL_AREA(#3784);
#3628=SURFACE_STYLE_FILL_AREA(#3785);
#3629=SURFACE_STYLE_FILL_AREA(#3786);
#3630=SURFACE_STYLE_FILL_AREA(#3787);
#3631=SURFACE_STYLE_FILL_AREA(#3788);
#3632=SURFACE_STYLE_FILL_AREA(#3789);
#3633=SURFACE_STYLE_FILL_AREA(#3790);
#3634=SURFACE_STYLE_FILL_AREA(#3791);
#3635=SURFACE_STYLE_FILL_AREA(#3792);
#3636=SURFACE_STYLE_FILL_AREA(#3793);
#3637=SURFACE_STYLE_FILL_AREA(#3794);
#3638=SURFACE_STYLE_FILL_AREA(#3795);
#3639=SURFACE_STYLE_FILL_AREA(#3796);
#3640=SURFACE_STYLE_FILL_AREA(#3797);
#3641=SURFACE_STYLE_FILL_AREA(#3798);
#3642=SURFACE_STYLE_FILL_AREA(#3799);
#3643=SURFACE_STYLE_FILL_AREA(#3800);
#3644=SURFACE_STYLE_FILL_AREA(#3801);
#3645=SURFACE_STYLE_FILL_AREA(#3802);
#3646=SURFACE_STYLE_FILL_AREA(#3803);
#3647=SURFACE_STYLE_FILL_AREA(#3804);
#3648=SURFACE_STYLE_FILL_AREA(#3805);
#3649=SURFACE_STYLE_FILL_AREA(#3806);
#3650=SURFACE_STYLE_FILL_AREA(#3807);
#3651=SURFACE_STYLE_FILL_AREA(#3808);
#3652=SURFACE_STYLE_FILL_AREA(#3809);
#3653=SURFACE_STYLE_FILL_AREA(#3810);
#3654=SURFACE_STYLE_FILL_AREA(#3811);
#3655=SURFACE_STYLE_FILL_AREA(#3812);
#3656=SURFACE_STYLE_FILL_AREA(#3813);
#3657=SURFACE_STYLE_FILL_AREA(#3814);
#3658=SURFACE_STYLE_FILL_AREA(#3815);
#3659=SURFACE_STYLE_FILL_AREA(#3816);
#3660=SURFACE_STYLE_FILL_AREA(#3817);
#3661=SURFACE_STYLE_FILL_AREA(#3818);
#3662=SURFACE_STYLE_FILL_AREA(#3819);
#3663=SURFACE_STYLE_FILL_AREA(#3820);
#3664=SURFACE_STYLE_FILL_AREA(#3821);
#3665=SURFACE_STYLE_FILL_AREA(#3822);
#3666=SURFACE_STYLE_FILL_AREA(#3823);
#3667=SURFACE_STYLE_FILL_AREA(#3824);
#3668=SURFACE_STYLE_FILL_AREA(#3825);
#3669=SURFACE_STYLE_FILL_AREA(#3826);
#3670=SURFACE_STYLE_FILL_AREA(#3827);
#3671=SURFACE_STYLE_FILL_AREA(#3828);
#3672=SURFACE_STYLE_FILL_AREA(#3829);
#3673=SURFACE_STYLE_FILL_AREA(#3830);
#3674=SURFACE_STYLE_FILL_AREA(#3831);
#3675=SURFACE_STYLE_FILL_AREA(#3832);
#3676=SURFACE_STYLE_FILL_AREA(#3833);
#3677=SURFACE_STYLE_FILL_AREA(#3834);
#3678=SURFACE_STYLE_FILL_AREA(#3835);
#3679=SURFACE_STYLE_FILL_AREA(#3836);
#3680=SURFACE_STYLE_FILL_AREA(#3837);
#3681=SURFACE_STYLE_FILL_AREA(#3838);
#3682=SURFACE_STYLE_FILL_AREA(#3839);
#3683=SURFACE_STYLE_FILL_AREA(#3840);
#3684=SURFACE_STYLE_FILL_AREA(#3841);
#3685=SURFACE_STYLE_FILL_AREA(#3842);
#3686=SURFACE_STYLE_FILL_AREA(#3843);
#3687=SURFACE_STYLE_FILL_AREA(#3844);
#3688=SURFACE_STYLE_FILL_AREA(#3845);
#3689=SURFACE_STYLE_FILL_AREA(#3846);
#3690=SURFACE_STYLE_FILL_AREA(#3847);
#3691=SURFACE_STYLE_FILL_AREA(#3848);
#3692=SURFACE_STYLE_FILL_AREA(#3849);
#3693=SURFACE_STYLE_FILL_AREA(#3850);
#3694=SURFACE_STYLE_FILL_AREA(#3851);
#3695=SURFACE_STYLE_FILL_AREA(#3852);
#3696=SURFACE_STYLE_FILL_AREA(#3853);
#3697=FILL_AREA_STYLE('',(#3854));
#3698=FILL_AREA_STYLE('',(#3855));
#3699=FILL_AREA_STYLE('',(#3856));
#3700=FILL_AREA_STYLE('',(#3857));
#3701=FILL_AREA_STYLE('',(#3858));
#3702=FILL_AREA_STYLE('',(#3859));
#3703=FILL_AREA_STYLE('',(#3860));
#3704=FILL_AREA_STYLE('',(#3861));
#3705=FILL_AREA_STYLE('',(#3862));
#3706=FILL_AREA_STYLE('',(#3863));
#3707=FILL_AREA_STYLE('',(#3864));
#3708=FILL_AREA_STYLE('',(#3865));
#3709=FILL_AREA_STYLE('',(#3866));
#3710=FILL_AREA_STYLE('',(#3867));
#3711=FILL_AREA_STYLE('',(#3868));
#3712=FILL_AREA_STYLE('',(#3869));
#3713=FILL_AREA_STYLE('',(#3870));
#3714=FILL_AREA_STYLE('',(#3871));
#3715=FILL_AREA_STYLE('',(#3872));
#3716=FILL_AREA_STYLE('',(#3873));
#3717=FILL_AREA_STYLE('',(#3874));
#3718=FILL_AREA_STYLE('',(#3875));
#3719=FILL_AREA_STYLE('',(#3876));
#3720=FILL_AREA_STYLE('',(#3877));
#3721=FILL_AREA_STYLE('',(#3878));
#3722=FILL_AREA_STYLE('',(#3879));
#3723=FILL_AREA_STYLE('',(#3880));
#3724=FILL_AREA_STYLE('',(#3881));
#3725=FILL_AREA_STYLE('',(#3882));
#3726=FILL_AREA_STYLE('',(#3883));
#3727=FILL_AREA_STYLE('',(#3884));
#3728=FILL_AREA_STYLE('',(#3885));
#3729=FILL_AREA_STYLE('',(#3886));
#3730=FILL_AREA_STYLE('',(#3887));
#3731=FILL_AREA_STYLE('',(#3888));
#3732=FILL_AREA_STYLE('',(#3889));
#3733=FILL_AREA_STYLE('',(#3890));
#3734=FILL_AREA_STYLE('',(#3891));
#3735=FILL_AREA_STYLE('',(#3892));
#3736=FILL_AREA_STYLE('',(#3893));
#3737=FILL_AREA_STYLE('',(#3894));
#3738=FILL_AREA_STYLE('',(#3895));
#3739=FILL_AREA_STYLE('',(#3896));
#3740=FILL_AREA_STYLE('',(#3897));
#3741=FILL_AREA_STYLE('',(#3898));
#3742=FILL_AREA_STYLE('',(#3899));
#3743=FILL_AREA_STYLE('',(#3900));
#3744=FILL_AREA_STYLE('',(#3901));
#3745=FILL_AREA_STYLE('',(#3902));
#3746=FILL_AREA_STYLE('',(#3903));
#3747=FILL_AREA_STYLE('',(#3904));
#3748=FILL_AREA_STYLE('',(#3905));
#3749=FILL_AREA_STYLE('',(#3906));
#3750=FILL_AREA_STYLE('',(#3907));
#3751=FILL_AREA_STYLE('',(#3908));
#3752=FILL_AREA_STYLE('',(#3909));
#3753=FILL_AREA_STYLE('',(#3910));
#3754=FILL_AREA_STYLE('',(#3911));
#3755=FILL_AREA_STYLE('',(#3912));
#3756=FILL_AREA_STYLE('',(#3913));
#3757=FILL_AREA_STYLE('',(#3914));
#3758=FILL_AREA_STYLE('',(#3915));
#3759=FILL_AREA_STYLE('',(#3916));
#3760=FILL_AREA_STYLE('',(#3917));
#3761=FILL_AREA_STYLE('',(#3918));
#3762=FILL_AREA_STYLE('',(#3919));
#3763=FILL_AREA_STYLE('',(#3920));
#3764=FILL_AREA_STYLE('',(#3921));
#3765=FILL_AREA_STYLE('',(#3922));
#3766=FILL_AREA_STYLE('',(#3923));
#3767=FILL_AREA_STYLE('',(#3924));
#3768=FILL_AREA_STYLE('',(#3925));
#3769=FILL_AREA_STYLE('',(#3926));
#3770=FILL_AREA_STYLE('',(#3927));
#3771=FILL_AREA_STYLE('',(#3928));
#3772=FILL_AREA_STYLE('',(#3929));
#3773=FILL_AREA_STYLE('',(#3930));
#3774=FILL_AREA_STYLE('',(#3931));
#3775=FILL_AREA_STYLE('',(#3932));
#3776=FILL_AREA_STYLE('',(#3933));
#3777=FILL_AREA_STYLE('',(#3934));
#3778=FILL_AREA_STYLE('',(#3935));
#3779=FILL_AREA_STYLE('',(#3936));
#3780=FILL_AREA_STYLE('',(#3937));
#3781=FILL_AREA_STYLE('',(#3938));
#3782=FILL_AREA_STYLE('',(#3939));
#3783=FILL_AREA_STYLE('',(#3940));
#3784=FILL_AREA_STYLE('',(#3941));
#3785=FILL_AREA_STYLE('',(#3942));
#3786=FILL_AREA_STYLE('',(#3943));
#3787=FILL_AREA_STYLE('',(#3944));
#3788=FILL_AREA_STYLE('',(#3945));
#3789=FILL_AREA_STYLE('',(#3946));
#3790=FILL_AREA_STYLE('',(#3947));
#3791=FILL_AREA_STYLE('',(#3948));
#3792=FILL_AREA_STYLE('',(#3949));
#3793=FILL_AREA_STYLE('',(#3950));
#3794=FILL_AREA_STYLE('',(#3951));
#3795=FILL_AREA_STYLE('',(#3952));
#3796=FILL_AREA_STYLE('',(#3953));
#3797=FILL_AREA_STYLE('',(#3954));
#3798=FILL_AREA_STYLE('',(#3955));
#3799=FILL_AREA_STYLE('',(#3956));
#3800=FILL_AREA_STYLE('',(#3957));
#3801=FILL_AREA_STYLE('',(#3958));
#3802=FILL_AREA_STYLE('',(#3959));
#3803=FILL_AREA_STYLE('',(#3960));
#3804=FILL_AREA_STYLE('',(#3961));
#3805=FILL_AREA_STYLE('',(#3962));
#3806=FILL_AREA_STYLE('',(#3963));
#3807=FILL_AREA_STYLE('',(#3964));
#3808=FILL_AREA_STYLE('',(#3965));
#3809=FILL_AREA_STYLE('',(#3966));
#3810=FILL_AREA_STYLE('',(#3967));
#3811=FILL_AREA_STYLE('',(#3968));
#3812=FILL_AREA_STYLE('',(#3969));
#3813=FILL_AREA_STYLE('',(#3970));
#3814=FILL_AREA_STYLE('',(#3971));
#3815=FILL_AREA_STYLE('',(#3972));
#3816=FILL_AREA_STYLE('',(#3973));
#3817=FILL_AREA_STYLE('',(#3974));
#3818=FILL_AREA_STYLE('',(#3975));
#3819=FILL_AREA_STYLE('',(#3976));
#3820=FILL_AREA_STYLE('',(#3977));
#3821=FILL_AREA_STYLE('',(#3978));
#3822=FILL_AREA_STYLE('',(#3979));
#3823=FILL_AREA_STYLE('',(#3980));
#3824=FILL_AREA_STYLE('',(#3981));
#3825=FILL_AREA_STYLE('',(#3982));
#3826=FILL_AREA_STYLE('',(#3983));
#3827=FILL_AREA_STYLE('',(#3984));
#3828=FILL_AREA_STYLE('',(#3985));
#3829=FILL_AREA_STYLE('',(#3986));
#3830=FILL_AREA_STYLE('',(#3987));
#3831=FILL_AREA_STYLE('',(#3988));
#3832=FILL_AREA_STYLE('',(#3989));
#3833=FILL_AREA_STYLE('',(#3990));
#3834=FILL_AREA_STYLE('',(#3991));
#3835=FILL_AREA_STYLE('',(#3992));
#3836=FILL_AREA_STYLE('',(#3993));
#3837=FILL_AREA_STYLE('',(#3994));
#3838=FILL_AREA_STYLE('',(#3995));
#3839=FILL_AREA_STYLE('',(#3996));
#3840=FILL_AREA_STYLE('',(#3997));
#3841=FILL_AREA_STYLE('',(#3998));
#3842=FILL_AREA_STYLE('',(#3999));
#3843=FILL_AREA_STYLE('',(#4000));
#3844=FILL_AREA_STYLE('',(#4001));
#3845=FILL_AREA_STYLE('',(#4002));
#3846=FILL_AREA_STYLE('',(#4003));
#3847=FILL_AREA_STYLE('',(#4004));
#3848=FILL_AREA_STYLE('',(#4005));
#3849=FILL_AREA_STYLE('',(#4006));
#3850=FILL_AREA_STYLE('',(#4007));
#3851=FILL_AREA_STYLE('',(#4008));
#3852=FILL_AREA_STYLE('',(#4009));
#3853=FILL_AREA_STYLE('',(#4010));
#3854=FILL_AREA_STYLE_COLOUR('',#4011);
#3855=FILL_AREA_STYLE_COLOUR('',#4011);
#3856=FILL_AREA_STYLE_COLOUR('',#4011);
#3857=FILL_AREA_STYLE_COLOUR('',#4011);
#3858=FILL_AREA_STYLE_COLOUR('',#4011);
#3859=FILL_AREA_STYLE_COLOUR('',#4011);
#3860=FILL_AREA_STYLE_COLOUR('',#4012);
#3861=FILL_AREA_STYLE_COLOUR('',#4012);
#3862=FILL_AREA_STYLE_COLOUR('',#4012);
#3863=FILL_AREA_STYLE_COLOUR('',#4012);
#3864=FILL_AREA_STYLE_COLOUR('',#4012);
#3865=FILL_AREA_STYLE_COLOUR('',#4012);
#3866=FILL_AREA_STYLE_COLOUR('',#4012);
#3867=FILL_AREA_STYLE_COLOUR('',#4012);
#3868=FILL_AREA_STYLE_COLOUR('',#4012);
#3869=FILL_AREA_STYLE_COLOUR('',#4012);
#3870=FILL_AREA_STYLE_COLOUR('',#4012);
#3871=FILL_AREA_STYLE_COLOUR('',#4012);
#3872=FILL_AREA_STYLE_COLOUR('',#4012);
#3873=FILL_AREA_STYLE_COLOUR('',#4012);
#3874=FILL_AREA_STYLE_COLOUR('',#4012);
#3875=FILL_AREA_STYLE_COLOUR('',#4012);
#3876=FILL_AREA_STYLE_COLOUR('',#4012);
#3877=FILL_AREA_STYLE_COLOUR('',#4012);
#3878=FILL_AREA_STYLE_COLOUR('',#4012);
#3879=FILL_AREA_STYLE_COLOUR('',#4012);
#3880=FILL_AREA_STYLE_COLOUR('',#4012);
#3881=FILL_AREA_STYLE_COLOUR('',#4012);
#3882=FILL_AREA_STYLE_COLOUR('',#4012);
#3883=FILL_AREA_STYLE_COLOUR('',#4012);
#3884=FILL_AREA_STYLE_COLOUR('',#4012);
#3885=FILL_AREA_STYLE_COLOUR('',#4012);
#3886=FILL_AREA_STYLE_COLOUR('',#4012);
#3887=FILL_AREA_STYLE_COLOUR('',#4012);
#3888=FILL_AREA_STYLE_COLOUR('',#4012);
#3889=FILL_AREA_STYLE_COLOUR('',#4012);
#3890=FILL_AREA_STYLE_COLOUR('',#4012);
#3891=FILL_AREA_STYLE_COLOUR('',#4012);
#3892=FILL_AREA_STYLE_COLOUR('',#4012);
#3893=FILL_AREA_STYLE_COLOUR('',#4012);
#3894=FILL_AREA_STYLE_COLOUR('',#4012);
#3895=FILL_AREA_STYLE_COLOUR('',#4012);
#3896=FILL_AREA_STYLE_COLOUR('',#4012);
#3897=FILL_AREA_STYLE_COLOUR('',#4012);
#3898=FILL_AREA_STYLE_COLOUR('',#4012);
#3899=FILL_AREA_STYLE_COLOUR('',#4012);
#3900=FILL_AREA_STYLE_COLOUR('',#4012);
#3901=FILL_AREA_STYLE_COLOUR('',#4012);
#3902=FILL_AREA_STYLE_COLOUR('',#4012);
#3903=FILL_AREA_STYLE_COLOUR('',#4012);
#3904=FILL_AREA_STYLE_COLOUR('',#4012);
#3905=FILL_AREA_STYLE_COLOUR('',#4012);
#3906=FILL_AREA_STYLE_COLOUR('',#4012);
#3907=FILL_AREA_STYLE_COLOUR('',#4012);
#3908=FILL_AREA_STYLE_COLOUR('',#4012);
#3909=FILL_AREA_STYLE_COLOUR('',#4012);
#3910=FILL_AREA_STYLE_COLOUR('',#4012);
#3911=FILL_AREA_STYLE_COLOUR('',#4012);
#3912=FILL_AREA_STYLE_COLOUR('',#4012);
#3913=FILL_AREA_STYLE_COLOUR('',#4012);
#3914=FILL_AREA_STYLE_COLOUR('',#4012);
#3915=FILL_AREA_STYLE_COLOUR('',#4012);
#3916=FILL_AREA_STYLE_COLOUR('',#4012);
#3917=FILL_AREA_STYLE_COLOUR('',#4012);
#3918=FILL_AREA_STYLE_COLOUR('',#4012);
#3919=FILL_AREA_STYLE_COLOUR('',#4012);
#3920=FILL_AREA_STYLE_COLOUR('',#4012);
#3921=FILL_AREA_STYLE_COLOUR('',#4012);
#3922=FILL_AREA_STYLE_COLOUR('',#4012);
#3923=FILL_AREA_STYLE_COLOUR('',#4012);
#3924=FILL_AREA_STYLE_COLOUR('',#4012);
#3925=FILL_AREA_STYLE_COLOUR('',#4012);
#3926=FILL_AREA_STYLE_COLOUR('',#4012);
#3927=FILL_AREA_STYLE_COLOUR('',#4012);
#3928=FILL_AREA_STYLE_COLOUR('',#4012);
#3929=FILL_AREA_STYLE_COLOUR('',#4012);
#3930=FILL_AREA_STYLE_COLOUR('',#4012);
#3931=FILL_AREA_STYLE_COLOUR('',#4012);
#3932=FILL_AREA_STYLE_COLOUR('',#4012);
#3933=FILL_AREA_STYLE_COLOUR('',#4012);
#3934=FILL_AREA_STYLE_COLOUR('',#4012);
#3935=FILL_AREA_STYLE_COLOUR('',#4012);
#3936=FILL_AREA_STYLE_COLOUR('',#4012);
#3937=FILL_AREA_STYLE_COLOUR('',#4012);
#3938=FILL_AREA_STYLE_COLOUR('',#4012);
#3939=FILL_AREA_STYLE_COLOUR('',#4012);
#3940=FILL_AREA_STYLE_COLOUR('',#4012);
#3941=FILL_AREA_STYLE_COLOUR('',#4012);
#3942=FILL_AREA_STYLE_COLOUR('',#4012);
#3943=FILL_AREA_STYLE_COLOUR('',#4012);
#3944=FILL_AREA_STYLE_COLOUR('',#4012);
#3945=FILL_AREA_STYLE_COLOUR('',#4012);
#3946=FILL_AREA_STYLE_COLOUR('',#4012);
#3947=FILL_AREA_STYLE_COLOUR('',#4012);
#3948=FILL_AREA_STYLE_COLOUR('',#4012);
#3949=FILL_AREA_STYLE_COLOUR('',#4012);
#3950=FILL_AREA_STYLE_COLOUR('',#4012);
#3951=FILL_AREA_STYLE_COLOUR('',#4012);
#3952=FILL_AREA_STYLE_COLOUR('',#4012);
#3953=FILL_AREA_STYLE_COLOUR('',#4012);
#3954=FILL_AREA_STYLE_COLOUR('',#4012);
#3955=FILL_AREA_STYLE_COLOUR('',#4012);
#3956=FILL_AREA_STYLE_COLOUR('',#4012);
#3957=FILL_AREA_STYLE_COLOUR('',#4012);
#3958=FILL_AREA_STYLE_COLOUR('',#4012);
#3959=FILL_AREA_STYLE_COLOUR('',#4012);
#3960=FILL_AREA_STYLE_COLOUR('',#4012);
#3961=FILL_AREA_STYLE_COLOUR('',#4012);
#3962=FILL_AREA_STYLE_COLOUR('',#4012);
#3963=FILL_AREA_STYLE_COLOUR('',#4012);
#3964=FILL_AREA_STYLE_COLOUR('',#4012);
#3965=FILL_AREA_STYLE_COLOUR('',#4012);
#3966=FILL_AREA_STYLE_COLOUR('',#4012);
#3967=FILL_AREA_STYLE_COLOUR('',#4012);
#3968=FILL_AREA_STYLE_COLOUR('',#4012);
#3969=FILL_AREA_STYLE_COLOUR('',#4012);
#3970=FILL_AREA_STYLE_COLOUR('',#4012);
#3971=FILL_AREA_STYLE_COLOUR('',#4012);
#3972=FILL_AREA_STYLE_COLOUR('',#4012);
#3973=FILL_AREA_STYLE_COLOUR('',#4012);
#3974=FILL_AREA_STYLE_COLOUR('',#4012);
#3975=FILL_AREA_STYLE_COLOUR('',#4012);
#3976=FILL_AREA_STYLE_COLOUR('',#4012);
#3977=FILL_AREA_STYLE_COLOUR('',#4012);
#3978=FILL_AREA_STYLE_COLOUR('',#4012);
#3979=FILL_AREA_STYLE_COLOUR('',#4012);
#3980=FILL_AREA_STYLE_COLOUR('',#4012);
#3981=FILL_AREA_STYLE_COLOUR('',#4012);
#3982=FILL_AREA_STYLE_COLOUR('',#4012);
#3983=FILL_AREA_STYLE_COLOUR('',#4012);
#3984=FILL_AREA_STYLE_COLOUR('',#4012);
#3985=FILL_AREA_STYLE_COLOUR('',#4012);
#3986=FILL_AREA_STYLE_COLOUR('',#4012);
#3987=FILL_AREA_STYLE_COLOUR('',#4012);
#3988=FILL_AREA_STYLE_COLOUR('',#4012);
#3989=FILL_AREA_STYLE_COLOUR('',#4012);
#3990=FILL_AREA_STYLE_COLOUR('',#4012);
#3991=FILL_AREA_STYLE_COLOUR('',#4012);
#3992=FILL_AREA_STYLE_COLOUR('',#4012);
#3993=FILL_AREA_STYLE_COLOUR('',#4012);
#3994=FILL_AREA_STYLE_COLOUR('',#4012);
#3995=FILL_AREA_STYLE_COLOUR('',#4012);
#3996=FILL_AREA_STYLE_COLOUR('',#4012);
#3997=FILL_AREA_STYLE_COLOUR('',#4012);
#3998=FILL_AREA_STYLE_COLOUR('',#4012);
#3999=FILL_AREA_STYLE_COLOUR('',#4012);
#4000=FILL_AREA_STYLE_COLOUR('',#4012);
#4001=FILL_AREA_STYLE_COLOUR('',#4012);
#4002=FILL_AREA_STYLE_COLOUR('',#4012);
#4003=FILL_AREA_STYLE_COLOUR('',#4012);
#4004=FILL_AREA_STYLE_COLOUR('',#4012);
#4005=FILL_AREA_STYLE_COLOUR('',#4012);
#4006=FILL_AREA_STYLE_COLOUR('',#4012);
#4007=FILL_AREA_STYLE_COLOUR('',#4012);
#4008=FILL_AREA_STYLE_COLOUR('',#4012);
#4009=FILL_AREA_STYLE_COLOUR('',#4012);
#4010=FILL_AREA_STYLE_COLOUR('',#4013);
#4011=COLOUR_RGB('',0.50199997425079,1.,1.);
#4012=COLOUR_RGB('',0.689999997615814,0.689999997615814,0.689999997615814);
#4013=COLOUR_RGB('',0.,0.50199997425079,1.);
#4014=ADVANCED_FACE('',(#2544),#2744,.F.);
#4015=ADVANCED_FACE('',(#2545,#2546,#2547,#2548,#2549,#2550,#2551,#2552,
#2553,#2554,#2555,#2556,#2557,#2558,#2559,#2560),#2745,.F.);
#4016=ADVANCED_FACE('',(#2561),#2746,.F.);
#4017=ADVANCED_FACE('',(#2562,#2563,#2564,#2565,#2566,#2567,#2568,#2569,
#2570,#2571,#2572,#2573,#2574,#2575,#2576,#2577),#2747,.F.);
#4018=ADVANCED_FACE('',(#2578),#2748,.T.);
#4019=ADVANCED_FACE('',(#2579),#2749,.F.);
#4020=ADVANCED_FACE('',(#2580),#2750,.F.);
#4021=ADVANCED_FACE('',(#2581),#2751,.T.);
#4022=ADVANCED_FACE('',(#2582),#2752,.F.);
#4023=ADVANCED_FACE('',(#2583),#2753,.F.);
#4024=ADVANCED_FACE('',(#2584),#2754,.F.);
#4025=ADVANCED_FACE('',(#2585),#2755,.F.);
#4026=ADVANCED_FACE('',(#2586),#2756,.T.);
#4027=ADVANCED_FACE('',(#2587),#2757,.F.);
#4028=ADVANCED_FACE('',(#2588),#2758,.F.);
#4029=ADVANCED_FACE('',(#2589),#2759,.F.);
#4030=ADVANCED_FACE('',(#2590),#2760,.F.);
#4031=ADVANCED_FACE('',(#2591),#2761,.T.);
#4032=ADVANCED_FACE('',(#2592),#2762,.F.);
#4033=ADVANCED_FACE('',(#2593),#2763,.F.);
#4034=ADVANCED_FACE('',(#2594),#2764,.F.);
#4035=ADVANCED_FACE('',(#2595),#2765,.F.);
#4036=ADVANCED_FACE('',(#2596),#2766,.T.);
#4037=ADVANCED_FACE('',(#2597),#2767,.F.);
#4038=ADVANCED_FACE('',(#2598),#2768,.F.);
#4039=ADVANCED_FACE('',(#2599),#2769,.F.);
#4040=ADVANCED_FACE('',(#2600),#2770,.F.);
#4041=ADVANCED_FACE('',(#2601),#2771,.T.);
#4042=ADVANCED_FACE('',(#2602),#2772,.F.);
#4043=ADVANCED_FACE('',(#2603),#2773,.F.);
#4044=ADVANCED_FACE('',(#2604),#2774,.F.);
#4045=ADVANCED_FACE('',(#2605),#2775,.F.);
#4046=ADVANCED_FACE('',(#2606),#2776,.T.);
#4047=ADVANCED_FACE('',(#2607),#2777,.F.);
#4048=ADVANCED_FACE('',(#2608),#2778,.F.);
#4049=ADVANCED_FACE('',(#2609),#2779,.F.);
#4050=ADVANCED_FACE('',(#2610),#2780,.F.);
#4051=ADVANCED_FACE('',(#2611),#2781,.T.);
#4052=ADVANCED_FACE('',(#2612),#2782,.F.);
#4053=ADVANCED_FACE('',(#2613),#2783,.F.);
#4054=ADVANCED_FACE('',(#2614),#2784,.F.);
#4055=ADVANCED_FACE('',(#2615),#2785,.F.);
#4056=ADVANCED_FACE('',(#2616),#2786,.T.);
#4057=ADVANCED_FACE('',(#2617),#2787,.F.);
#4058=ADVANCED_FACE('',(#2618),#2788,.F.);
#4059=ADVANCED_FACE('',(#2619),#2789,.F.);
#4060=ADVANCED_FACE('',(#2620),#2790,.F.);
#4061=ADVANCED_FACE('',(#2621),#2791,.T.);
#4062=ADVANCED_FACE('',(#2622),#2792,.F.);
#4063=ADVANCED_FACE('',(#2623),#2793,.F.);
#4064=ADVANCED_FACE('',(#2624),#2794,.F.);
#4065=ADVANCED_FACE('',(#2625),#2795,.F.);
#4066=ADVANCED_FACE('',(#2626),#2796,.T.);
#4067=ADVANCED_FACE('',(#2627),#2797,.F.);
#4068=ADVANCED_FACE('',(#2628),#2798,.F.);
#4069=ADVANCED_FACE('',(#2629),#2799,.F.);
#4070=ADVANCED_FACE('',(#2630),#2800,.F.);
#4071=ADVANCED_FACE('',(#2631),#2801,.T.);
#4072=ADVANCED_FACE('',(#2632),#2802,.F.);
#4073=ADVANCED_FACE('',(#2633),#2803,.F.);
#4074=ADVANCED_FACE('',(#2634),#2804,.F.);
#4075=ADVANCED_FACE('',(#2635),#2805,.F.);
#4076=ADVANCED_FACE('',(#2636),#2806,.T.);
#4077=ADVANCED_FACE('',(#2637),#2807,.F.);
#4078=ADVANCED_FACE('',(#2638),#2808,.F.);
#4079=ADVANCED_FACE('',(#2639),#2809,.F.);
#4080=ADVANCED_FACE('',(#2640),#2810,.F.);
#4081=ADVANCED_FACE('',(#2641),#2811,.T.);
#4082=ADVANCED_FACE('',(#2642),#2812,.F.);
#4083=ADVANCED_FACE('',(#2643),#2813,.F.);
#4084=ADVANCED_FACE('',(#2644),#2814,.F.);
#4085=ADVANCED_FACE('',(#2645),#2815,.F.);
#4086=ADVANCED_FACE('',(#2646),#2816,.T.);
#4087=ADVANCED_FACE('',(#2647),#2817,.F.);
#4088=ADVANCED_FACE('',(#2648),#2818,.F.);
#4089=ADVANCED_FACE('',(#2649),#2819,.F.);
#4090=ADVANCED_FACE('',(#2650),#2820,.F.);
#4091=ADVANCED_FACE('',(#2651),#2821,.T.);
#4092=ADVANCED_FACE('',(#2652),#2822,.F.);
#4093=ADVANCED_FACE('',(#2653),#2823,.F.);
#4094=ADVANCED_FACE('',(#2654),#2824,.F.);
#4095=ADVANCED_FACE('',(#2655),#2825,.F.);
#4096=ADVANCED_FACE('',(#2656),#2826,.T.);
#4097=ADVANCED_FACE('',(#2657),#2827,.F.);
#4098=ADVANCED_FACE('',(#2658),#2828,.F.);
#4099=ADVANCED_FACE('',(#2659),#2829,.F.);
#4100=ADVANCED_FACE('',(#2660),#2830,.F.);
#4101=ADVANCED_FACE('',(#2661),#2831,.T.);
#4102=ADVANCED_FACE('',(#2662),#2832,.F.);
#4103=ADVANCED_FACE('',(#2663),#2833,.F.);
#4104=ADVANCED_FACE('',(#2664),#2834,.F.);
#4105=ADVANCED_FACE('',(#2665),#2835,.F.);
#4106=ADVANCED_FACE('',(#2666),#2836,.T.);
#4107=ADVANCED_FACE('',(#2667),#2837,.F.);
#4108=ADVANCED_FACE('',(#2668),#2838,.F.);
#4109=ADVANCED_FACE('',(#2669),#2839,.F.);
#4110=ADVANCED_FACE('',(#2670),#2840,.F.);
#4111=ADVANCED_FACE('',(#2671),#2841,.T.);
#4112=ADVANCED_FACE('',(#2672),#2842,.F.);
#4113=ADVANCED_FACE('',(#2673),#2843,.F.);
#4114=ADVANCED_FACE('',(#2674),#2844,.F.);
#4115=ADVANCED_FACE('',(#2675),#2845,.F.);
#4116=ADVANCED_FACE('',(#2676),#2846,.T.);
#4117=ADVANCED_FACE('',(#2677),#2847,.F.);
#4118=ADVANCED_FACE('',(#2678),#2848,.F.);
#4119=ADVANCED_FACE('',(#2679),#2849,.F.);
#4120=ADVANCED_FACE('',(#2680),#2850,.F.);
#4121=ADVANCED_FACE('',(#2681),#2851,.T.);
#4122=ADVANCED_FACE('',(#2682),#2852,.F.);
#4123=ADVANCED_FACE('',(#2683),#2853,.F.);
#4124=ADVANCED_FACE('',(#2684),#2854,.F.);
#4125=ADVANCED_FACE('',(#2685),#2855,.F.);
#4126=ADVANCED_FACE('',(#2686),#2856,.T.);
#4127=ADVANCED_FACE('',(#2687),#2857,.F.);
#4128=ADVANCED_FACE('',(#2688),#2858,.F.);
#4129=ADVANCED_FACE('',(#2689),#2859,.F.);
#4130=ADVANCED_FACE('',(#2690),#2860,.F.);
#4131=ADVANCED_FACE('',(#2691),#2861,.T.);
#4132=ADVANCED_FACE('',(#2692),#2862,.F.);
#4133=ADVANCED_FACE('',(#2693),#2863,.F.);
#4134=ADVANCED_FACE('',(#2694),#2864,.F.);
#4135=ADVANCED_FACE('',(#2695),#2865,.F.);
#4136=ADVANCED_FACE('',(#2696),#2866,.T.);
#4137=ADVANCED_FACE('',(#2697),#2867,.F.);
#4138=ADVANCED_FACE('',(#2698),#2868,.F.);
#4139=ADVANCED_FACE('',(#2699),#2869,.F.);
#4140=ADVANCED_FACE('',(#2700),#2870,.F.);
#4141=ADVANCED_FACE('',(#2701),#2871,.T.);
#4142=ADVANCED_FACE('',(#2702),#2872,.F.);
#4143=ADVANCED_FACE('',(#2703),#2873,.F.);
#4144=ADVANCED_FACE('',(#2704),#2874,.F.);
#4145=ADVANCED_FACE('',(#2705),#2875,.F.);
#4146=ADVANCED_FACE('',(#2706),#2876,.T.);
#4147=ADVANCED_FACE('',(#2707),#2877,.F.);
#4148=ADVANCED_FACE('',(#2708),#2878,.F.);
#4149=ADVANCED_FACE('',(#2709),#2879,.F.);
#4150=ADVANCED_FACE('',(#2710),#2880,.F.);
#4151=ADVANCED_FACE('',(#2711),#2881,.T.);
#4152=ADVANCED_FACE('',(#2712),#2882,.F.);
#4153=ADVANCED_FACE('',(#2713),#2883,.F.);
#4154=ADVANCED_FACE('',(#2714),#2884,.F.);
#4155=ADVANCED_FACE('',(#2715),#2885,.F.);
#4156=ADVANCED_FACE('',(#2716),#2886,.T.);
#4157=ADVANCED_FACE('',(#2717),#2887,.F.);
#4158=ADVANCED_FACE('',(#2718),#2888,.F.);
#4159=ADVANCED_FACE('',(#2719),#2889,.F.);
#4160=ADVANCED_FACE('',(#2720),#2890,.F.);
#4161=ADVANCED_FACE('',(#2721),#2891,.T.);
#4162=ADVANCED_FACE('',(#2722),#2892,.F.);
#4163=ADVANCED_FACE('',(#2723),#2893,.F.);
#4164=ADVANCED_FACE('',(#2724),#2894,.F.);
#4165=ADVANCED_FACE('',(#2725),#2895,.F.);
#4166=ADVANCED_FACE('',(#2726),#2896,.T.);
#4167=ADVANCED_FACE('',(#2727),#2897,.F.);
#4168=ADVANCED_FACE('',(#2728),#2898,.F.);
#4169=ADVANCED_FACE('',(#2729),#2899,.F.);
#4170=ADVANCED_FACE('',(#2730),#2900,.F.);
#4171=ADVANCED_FACE('',(#2731),#2901,.F.);
#4172=ADVANCED_FACE('',(#2732),#2902,.F.);
#4173=ADVANCED_FACE('',(#2733),#2903,.T.);
#4174=ADVANCED_FACE('',(#2734),#2904,.F.);
#4175=ADVANCED_FACE('',(#2735),#2905,.F.);
#4176=ADVANCED_FACE('',(#2736),#2906,.F.);
#4177=ADVANCED_FACE('',(#2737),#2907,.F.);
#4178=ADVANCED_FACE('',(#2738),#18,.T.);
#4179=ADVANCED_FACE('',(#2739),#2908,.F.);
#4180=ADVANCED_FACE('',(#2740),#19,.T.);
#4181=ADVANCED_FACE('',(#2741),#2909,.F.);
#4182=ADVANCED_FACE('',(#2742),#2910,.T.);
#4183=ADVANCED_FACE('',(#2743),#2911,.T.);
#4184=CLOSED_SHELL('',(#4014,#4015,#4016,#4017,#4018,#4019,#4020,#4021,
#4022,#4023,#4024,#4025,#4026,#4027,#4028,#4029,#4030,#4031,#4032,#4033,
#4034,#4035,#4036,#4037,#4038,#4039,#4040,#4041,#4042,#4043,#4044,#4045,
#4046,#4047,#4048,#4049,#4050,#4051,#4052,#4053,#4054,#4055,#4056,#4057,
#4058,#4059,#4060,#4061,#4062,#4063,#4064,#4065,#4066,#4067,#4068,#4069,
#4070,#4071,#4072,#4073,#4074,#4075,#4076,#4077,#4078,#4079,#4080,#4081,
#4082,#4083,#4084,#4085,#4086,#4087,#4088,#4089,#4090,#4091,#4092,#4093,
#4094,#4095,#4096,#4097,#4098,#4099,#4100,#4101,#4102,#4103,#4104,#4105,
#4106,#4107,#4108,#4109,#4110,#4111,#4112,#4113,#4114,#4115,#4116,#4117,
#4118,#4119,#4120,#4121,#4122,#4123,#4124,#4125,#4126,#4127,#4128,#4129,
#4130,#4131,#4132,#4133,#4134,#4135,#4136,#4137,#4138,#4139,#4140,#4141,
#4142,#4143,#4144,#4145,#4146,#4147,#4148,#4149,#4150,#4151,#4152,#4153,
#4154,#4155,#4156,#4157,#4158,#4159,#4160,#4161,#4162,#4163,#4164,#4165,
#4166,#4167,#4168,#4169));
#4185=CLOSED_SHELL('',(#4170,#4171,#4172,#4173,#4174,#4175,#4176,#4177,
#4178,#4179,#4180,#4181,#4182,#4183));
#4186=MANIFOLD_SOLID_BREP('FJ-15-D-02.00-4_cable',#4184);
#4187=MANIFOLD_SOLID_BREP('FJ-15-4_strip',#4185);
#4188=SHAPE_DEFINITION_REPRESENTATION(#5999,#4191);
#4189=SHAPE_DEFINITION_REPRESENTATION(#6000,#4192);
#4190=SHAPE_DEFINITION_REPRESENTATION(#6002,#4193);
#4191=SHAPE_REPRESENTATION('FJ-15-D-02.00-4',(#4194,#4351,#4370,#4371),
#5987);
#4192=SHAPE_REPRESENTATION('FJ-15-D-02.00-4_cable',(#4194),#5988);
#4193=SHAPE_REPRESENTATION('FJ-15-4_strip',(#4194),#5989);
#4194=AXIS2_PLACEMENT_3D('',#5132,#4372,#4373);
#4195=AXIS2_PLACEMENT_3D('',#5133,#4374,#4375);
#4196=AXIS2_PLACEMENT_3D('',#5142,#4380,#4381);
#4197=AXIS2_PLACEMENT_3D('',#5268,#4445,#4446);
#4198=AXIS2_PLACEMENT_3D('',#5274,#4450,#4451);
#4199=AXIS2_PLACEMENT_3D('',#5397,#4514,#4515);
#4200=AXIS2_PLACEMENT_3D('',#5398,#4516,#4517);
#4201=AXIS2_PLACEMENT_3D('',#5399,#4518,#4519);
#4202=AXIS2_PLACEMENT_3D('',#5408,#4524,#4525);
#4203=AXIS2_PLACEMENT_3D('',#5411,#4528,#4529);
#4204=AXIS2_PLACEMENT_3D('',#5414,#4532,#4533);
#4205=AXIS2_PLACEMENT_3D('',#5415,#4534,#4535);
#4206=AXIS2_PLACEMENT_3D('',#5416,#4536,#4537);
#4207=AXIS2_PLACEMENT_3D('',#5425,#4542,#4543);
#4208=AXIS2_PLACEMENT_3D('',#5428,#4546,#4547);
#4209=AXIS2_PLACEMENT_3D('',#5431,#4550,#4551);
#4210=AXIS2_PLACEMENT_3D('',#5432,#4552,#4553);
#4211=AXIS2_PLACEMENT_3D('',#5433,#4554,#4555);
#4212=AXIS2_PLACEMENT_3D('',#5442,#4560,#4561);
#4213=AXIS2_PLACEMENT_3D('',#5445,#4564,#4565);
#4214=AXIS2_PLACEMENT_3D('',#5448,#4568,#4569);
#4215=AXIS2_PLACEMENT_3D('',#5449,#4570,#4571);
#4216=AXIS2_PLACEMENT_3D('',#5450,#4572,#4573);
#4217=AXIS2_PLACEMENT_3D('',#5459,#4578,#4579);
#4218=AXIS2_PLACEMENT_3D('',#5462,#4582,#4583);
#4219=AXIS2_PLACEMENT_3D('',#5465,#4586,#4587);
#4220=AXIS2_PLACEMENT_3D('',#5466,#4588,#4589);
#4221=AXIS2_PLACEMENT_3D('',#5467,#4590,#4591);
#4222=AXIS2_PLACEMENT_3D('',#5476,#4596,#4597);
#4223=AXIS2_PLACEMENT_3D('',#5479,#4600,#4601);
#4224=AXIS2_PLACEMENT_3D('',#5482,#4604,#4605);
#4225=AXIS2_PLACEMENT_3D('',#5483,#4606,#4607);
#4226=AXIS2_PLACEMENT_3D('',#5484,#4608,#4609);
#4227=AXIS2_PLACEMENT_3D('',#5493,#4614,#4615);
#4228=AXIS2_PLACEMENT_3D('',#5496,#4618,#4619);
#4229=AXIS2_PLACEMENT_3D('',#5499,#4622,#4623);
#4230=AXIS2_PLACEMENT_3D('',#5500,#4624,#4625);
#4231=AXIS2_PLACEMENT_3D('',#5501,#4626,#4627);
#4232=AXIS2_PLACEMENT_3D('',#5510,#4632,#4633);
#4233=AXIS2_PLACEMENT_3D('',#5513,#4636,#4637);
#4234=AXIS2_PLACEMENT_3D('',#5516,#4640,#4641);
#4235=AXIS2_PLACEMENT_3D('',#5517,#4642,#4643);
#4236=AXIS2_PLACEMENT_3D('',#5518,#4644,#4645);
#4237=AXIS2_PLACEMENT_3D('',#5527,#4650,#4651);
#4238=AXIS2_PLACEMENT_3D('',#5530,#4654,#4655);
#4239=AXIS2_PLACEMENT_3D('',#5533,#4658,#4659);
#4240=AXIS2_PLACEMENT_3D('',#5534,#4660,#4661);
#4241=AXIS2_PLACEMENT_3D('',#5535,#4662,#4663);
#4242=AXIS2_PLACEMENT_3D('',#5544,#4668,#4669);
#4243=AXIS2_PLACEMENT_3D('',#5547,#4672,#4673);
#4244=AXIS2_PLACEMENT_3D('',#5550,#4676,#4677);
#4245=AXIS2_PLACEMENT_3D('',#5551,#4678,#4679);
#4246=AXIS2_PLACEMENT_3D('',#5552,#4680,#4681);
#4247=AXIS2_PLACEMENT_3D('',#5561,#4686,#4687);
#4248=AXIS2_PLACEMENT_3D('',#5564,#4690,#4691);
#4249=AXIS2_PLACEMENT_3D('',#5567,#4694,#4695);
#4250=AXIS2_PLACEMENT_3D('',#5568,#4696,#4697);
#4251=AXIS2_PLACEMENT_3D('',#5569,#4698,#4699);
#4252=AXIS2_PLACEMENT_3D('',#5578,#4704,#4705);
#4253=AXIS2_PLACEMENT_3D('',#5581,#4708,#4709);
#4254=AXIS2_PLACEMENT_3D('',#5584,#4712,#4713);
#4255=AXIS2_PLACEMENT_3D('',#5585,#4714,#4715);
#4256=AXIS2_PLACEMENT_3D('',#5586,#4716,#4717);
#4257=AXIS2_PLACEMENT_3D('',#5595,#4722,#4723);
#4258=AXIS2_PLACEMENT_3D('',#5598,#4726,#4727);
#4259=AXIS2_PLACEMENT_3D('',#5601,#4730,#4731);
#4260=AXIS2_PLACEMENT_3D('',#5602,#4732,#4733);
#4261=AXIS2_PLACEMENT_3D('',#5603,#4734,#4735);
#4262=AXIS2_PLACEMENT_3D('',#5612,#4740,#4741);
#4263=AXIS2_PLACEMENT_3D('',#5615,#4744,#4745);
#4264=AXIS2_PLACEMENT_3D('',#5618,#4748,#4749);
#4265=AXIS2_PLACEMENT_3D('',#5619,#4750,#4751);
#4266=AXIS2_PLACEMENT_3D('',#5620,#4752,#4753);
#4267=AXIS2_PLACEMENT_3D('',#5629,#4758,#4759);
#4268=AXIS2_PLACEMENT_3D('',#5632,#4762,#4763);
#4269=AXIS2_PLACEMENT_3D('',#5635,#4766,#4767);
#4270=AXIS2_PLACEMENT_3D('',#5636,#4768,#4769);
#4271=AXIS2_PLACEMENT_3D('',#5637,#4770,#4771);
#4272=AXIS2_PLACEMENT_3D('',#5643,#4775,#4776);
#4273=AXIS2_PLACEMENT_3D('',#5647,#4779,#4780);
#4274=AXIS2_PLACEMENT_3D('',#5651,#4783,#4784);
#4275=AXIS2_PLACEMENT_3D('',#5653,#4786,#4787);
#4276=AXIS2_PLACEMENT_3D('',#5654,#4788,#4789);
#4277=AXIS2_PLACEMENT_3D('',#5663,#4794,#4795);
#4278=AXIS2_PLACEMENT_3D('',#5666,#4798,#4799);
#4279=AXIS2_PLACEMENT_3D('',#5669,#4802,#4803);
#4280=AXIS2_PLACEMENT_3D('',#5670,#4804,#4805);
#4281=AXIS2_PLACEMENT_3D('',#5671,#4806,#4807);
#4282=AXIS2_PLACEMENT_3D('',#5680,#4812,#4813);
#4283=AXIS2_PLACEMENT_3D('',#5683,#4816,#4817);
#4284=AXIS2_PLACEMENT_3D('',#5686,#4820,#4821);
#4285=AXIS2_PLACEMENT_3D('',#5687,#4822,#4823);
#4286=AXIS2_PLACEMENT_3D('',#5688,#4824,#4825);
#4287=AXIS2_PLACEMENT_3D('',#5697,#4830,#4831);
#4288=AXIS2_PLACEMENT_3D('',#5700,#4834,#4835);
#4289=AXIS2_PLACEMENT_3D('',#5703,#4838,#4839);
#4290=AXIS2_PLACEMENT_3D('',#5704,#4840,#4841);
#4291=AXIS2_PLACEMENT_3D('',#5705,#4842,#4843);
#4292=AXIS2_PLACEMENT_3D('',#5714,#4848,#4849);
#4293=AXIS2_PLACEMENT_3D('',#5717,#4852,#4853);
#4294=AXIS2_PLACEMENT_3D('',#5720,#4856,#4857);
#4295=AXIS2_PLACEMENT_3D('',#5721,#4858,#4859);
#4296=AXIS2_PLACEMENT_3D('',#5722,#4860,#4861);
#4297=AXIS2_PLACEMENT_3D('',#5731,#4866,#4867);
#4298=AXIS2_PLACEMENT_3D('',#5734,#4870,#4871);
#4299=AXIS2_PLACEMENT_3D('',#5737,#4874,#4875);
#4300=AXIS2_PLACEMENT_3D('',#5738,#4876,#4877);
#4301=AXIS2_PLACEMENT_3D('',#5739,#4878,#4879);
#4302=AXIS2_PLACEMENT_3D('',#5748,#4884,#4885);
#4303=AXIS2_PLACEMENT_3D('',#5751,#4888,#4889);
#4304=AXIS2_PLACEMENT_3D('',#5754,#4892,#4893);
#4305=AXIS2_PLACEMENT_3D('',#5755,#4894,#4895);
#4306=AXIS2_PLACEMENT_3D('',#5756,#4896,#4897);
#4307=AXIS2_PLACEMENT_3D('',#5765,#4902,#4903);
#4308=AXIS2_PLACEMENT_3D('',#5768,#4906,#4907);
#4309=AXIS2_PLACEMENT_3D('',#5771,#4910,#4911);
#4310=AXIS2_PLACEMENT_3D('',#5772,#4912,#4913);
#4311=AXIS2_PLACEMENT_3D('',#5773,#4914,#4915);
#4312=AXIS2_PLACEMENT_3D('',#5782,#4920,#4921);
#4313=AXIS2_PLACEMENT_3D('',#5785,#4924,#4925);
#4314=AXIS2_PLACEMENT_3D('',#5788,#4928,#4929);
#4315=AXIS2_PLACEMENT_3D('',#5789,#4930,#4931);
#4316=AXIS2_PLACEMENT_3D('',#5790,#4932,#4933);
#4317=AXIS2_PLACEMENT_3D('',#5799,#4938,#4939);
#4318=AXIS2_PLACEMENT_3D('',#5802,#4942,#4943);
#4319=AXIS2_PLACEMENT_3D('',#5805,#4946,#4947);
#4320=AXIS2_PLACEMENT_3D('',#5806,#4948,#4949);
#4321=AXIS2_PLACEMENT_3D('',#5807,#4950,#4951);
#4322=AXIS2_PLACEMENT_3D('',#5816,#4956,#4957);
#4323=AXIS2_PLACEMENT_3D('',#5819,#4960,#4961);
#4324=AXIS2_PLACEMENT_3D('',#5822,#4964,#4965);
#4325=AXIS2_PLACEMENT_3D('',#5823,#4966,#4967);
#4326=AXIS2_PLACEMENT_3D('',#5824,#4968,#4969);
#4327=AXIS2_PLACEMENT_3D('',#5833,#4974,#4975);
#4328=AXIS2_PLACEMENT_3D('',#5836,#4978,#4979);
#4329=AXIS2_PLACEMENT_3D('',#5839,#4982,#4983);
#4330=AXIS2_PLACEMENT_3D('',#5840,#4984,#4985);
#4331=AXIS2_PLACEMENT_3D('',#5841,#4986,#4987);
#4332=AXIS2_PLACEMENT_3D('',#5850,#4992,#4993);
#4333=AXIS2_PLACEMENT_3D('',#5853,#4996,#4997);
#4334=AXIS2_PLACEMENT_3D('',#5856,#5000,#5001);
#4335=AXIS2_PLACEMENT_3D('',#5857,#5002,#5003);
#4336=AXIS2_PLACEMENT_3D('',#5858,#5004,#5005);
#4337=AXIS2_PLACEMENT_3D('',#5867,#5010,#5011);
#4338=AXIS2_PLACEMENT_3D('',#5870,#5014,#5015);
#4339=AXIS2_PLACEMENT_3D('',#5873,#5018,#5019);
#4340=AXIS2_PLACEMENT_3D('',#5874,#5020,#5021);
#4341=AXIS2_PLACEMENT_3D('',#5875,#5022,#5023);
#4342=AXIS2_PLACEMENT_3D('',#5884,#5028,#5029);
#4343=AXIS2_PLACEMENT_3D('',#5887,#5032,#5033);
#4344=AXIS2_PLACEMENT_3D('',#5890,#5036,#5037);
#4345=AXIS2_PLACEMENT_3D('',#5891,#5038,#5039);
#4346=AXIS2_PLACEMENT_3D('',#5892,#5040,#5041);
#4347=AXIS2_PLACEMENT_3D('',#5898,#5045,#5046);
#4348=AXIS2_PLACEMENT_3D('',#5902,#5049,#5050);
#4349=AXIS2_PLACEMENT_3D('',#5906,#5053,#5054);
#4350=AXIS2_PLACEMENT_3D('',#5908,#5056,#5057);
#4351=AXIS2_PLACEMENT_3D('',#5909,#5058,#5059);
#4352=AXIS2_PLACEMENT_3D('',#5910,#5060,#5061);
#4353=AXIS2_PLACEMENT_3D('',#5923,#5068,#5069);
#4354=AXIS2_PLACEMENT_3D('',#5929,#5073,#5074);
#4355=AXIS2_PLACEMENT_3D('',#5939,#5080,#5081);
#4356=AXIS2_PLACEMENT_3D('',#5941,#5083,#5084);
#4357=AXIS2_PLACEMENT_3D('',#5951,#5089,#5090);
#4358=AXIS2_PLACEMENT_3D('',#5954,#5092,#5093);
#4359=AXIS2_PLACEMENT_3D('',#5958,#5096,#5097);
#4360=AXIS2_PLACEMENT_3D('',#5968,#5102,#5103);
#4361=AXIS2_PLACEMENT_3D('',#5969,#5104,#5105);
#4362=AXIS2_PLACEMENT_3D('',#5972,#5108,#5109);
#4363=AXIS2_PLACEMENT_3D('',#5974,#5111,#5112);
#4364=AXIS2_PLACEMENT_3D('',#5976,#5114,#5115);
#4365=AXIS2_PLACEMENT_3D('',#5978,#5117,#5118);
#4366=AXIS2_PLACEMENT_3D('',#5979,#5119,#5120);
#4367=AXIS2_PLACEMENT_3D('',#5981,#5122,#5123);
#4368=AXIS2_PLACEMENT_3D('',#5982,#5124,#5125);
#4369=AXIS2_PLACEMENT_3D('',#5983,#5126,#5127);
#4370=AXIS2_PLACEMENT_3D('',#5984,#5128,#5129);
#4371=AXIS2_PLACEMENT_3D('',#5985,#5130,#5131);
#4372=DIRECTION('',(0.,0.,1.));
#4373=DIRECTION('',(1.,0.,0.));
#4374=DIRECTION('',(0.,-1.,0.));
#4375=DIRECTION('',(0.,0.,-1.));
#4376=DIRECTION('',(-1.,0.,0.));
#4377=DIRECTION('',(0.,0.,-1.));
#4378=DIRECTION('',(-1.,0.,0.));
#4379=DIRECTION('',(0.,0.,-1.));
#4380=DIRECTION('',(1.,0.,0.));
#4381=DIRECTION('',(0.,0.,-1.));
#4382=DIRECTION('',(0.,-1.,0.));
#4383=DIRECTION('',(0.,0.,1.));
#4384=DIRECTION('',(0.,-1.,0.));
#4385=DIRECTION('',(0.,0.,1.));
#4386=DIRECTION('',(0.,-1.,0.));
#4387=DIRECTION('',(0.,0.,1.));
#4388=DIRECTION('',(0.,-1.,0.));
#4389=DIRECTION('',(0.,0.,1.));
#4390=DIRECTION('',(0.,-1.,0.));
#4391=DIRECTION('',(0.,0.,1.));
#4392=DIRECTION('',(0.,-1.,0.));
#4393=DIRECTION('',(0.,0.,1.));
#4394=DIRECTION('',(0.,-1.,0.));
#4395=DIRECTION('',(0.,0.,1.));
#4396=DIRECTION('',(0.,-1.,0.));
#4397=DIRECTION('',(0.,0.,1.));
#4398=DIRECTION('',(0.,-1.,0.));
#4399=DIRECTION('',(0.,0.,1.));
#4400=DIRECTION('',(0.,-1.,0.));
#4401=DIRECTION('',(0.,0.,1.));
#4402=DIRECTION('',(0.,-1.,0.));
#4403=DIRECTION('',(0.,0.,1.));
#4404=DIRECTION('',(0.,-1.,0.));
#4405=DIRECTION('',(0.,0.,1.));
#4406=DIRECTION('',(0.,-1.,0.));
#4407=DIRECTION('',(0.,0.,1.));
#4408=DIRECTION('',(0.,-1.,0.));
#4409=DIRECTION('',(0.,0.,1.));
#4410=DIRECTION('',(0.,-1.,0.));
#4411=DIRECTION('',(0.,0.,1.));
#4412=DIRECTION('',(0.,-1.,0.));
#4413=DIRECTION('',(0.,0.,1.));
#4414=DIRECTION('',(0.,-1.,0.));
#4415=DIRECTION('',(0.,0.,1.));
#4416=DIRECTION('',(0.,-1.,0.));
#4417=DIRECTION('',(0.,0.,1.));
#4418=DIRECTION('',(0.,-1.,0.));
#4419=DIRECTION('',(0.,0.,1.));
#4420=DIRECTION('',(0.,-1.,0.));
#4421=DIRECTION('',(0.,0.,1.));
#4422=DIRECTION('',(0.,-1.,0.));
#4423=DIRECTION('',(0.,0.,1.));
#4424=DIRECTION('',(0.,-1.,0.));
#4425=DIRECTION('',(0.,0.,1.));
#4426=DIRECTION('',(0.,-1.,0.));
#4427=DIRECTION('',(0.,0.,1.));
#4428=DIRECTION('',(0.,-1.,0.));
#4429=DIRECTION('',(0.,0.,1.));
#4430=DIRECTION('',(0.,-1.,0.));
#4431=DIRECTION('',(0.,0.,1.));
#4432=DIRECTION('',(0.,-1.,0.));
#4433=DIRECTION('',(0.,0.,1.));
#4434=DIRECTION('',(0.,-1.,0.));
#4435=DIRECTION('',(0.,0.,1.));
#4436=DIRECTION('',(0.,1.,0.));
#4437=DIRECTION('',(0.,0.,1.));
#4438=DIRECTION('',(0.,-1.,0.));
#4439=DIRECTION('',(0.,0.,1.));
#4440=DIRECTION('',(0.,-1.,0.));
#4441=DIRECTION('',(0.,0.,1.));
#4442=DIRECTION('',(0.,-1.,0.));
#4443=DIRECTION('',(0.,0.,-1.));
#4444=DIRECTION('',(0.,-1.,0.));
#4445=DIRECTION('',(0.,1.,0.));
#4446=DIRECTION('',(0.,0.,1.));
#4447=DIRECTION('',(1.,0.,0.));
#4448=DIRECTION('',(0.,0.,-1.));
#4449=DIRECTION('',(1.,0.,0.));
#4450=DIRECTION('',(-1.,0.,0.));
#4451=DIRECTION('',(0.,0.,1.));
#4452=DIRECTION('',(0.,-1.,0.));
#4453=DIRECTION('',(0.,0.,-1.));
#4454=DIRECTION('',(0.,-1.,0.));
#4455=DIRECTION('',(0.,0.,-1.));
#4456=DIRECTION('',(0.,-1.,0.));
#4457=DIRECTION('',(0.,0.,-1.));
#4458=DIRECTION('',(0.,-1.,0.));
#4459=DIRECTION('',(0.,0.,-1.));
#4460=DIRECTION('',(0.,-1.,0.));
#4461=DIRECTION('',(0.,0.,-1.));
#4462=DIRECTION('',(0.,-1.,0.));
#4463=DIRECTION('',(0.,0.,-1.));
#4464=DIRECTION('',(0.,-1.,0.));
#4465=DIRECTION('',(0.,0.,-1.));
#4466=DIRECTION('',(0.,-1.,0.));
#4467=DIRECTION('',(0.,0.,-1.));
#4468=DIRECTION('',(0.,-1.,0.));
#4469=DIRECTION('',(0.,0.,-1.));
#4470=DIRECTION('',(0.,-1.,0.));
#4471=DIRECTION('',(0.,0.,-1.));
#4472=DIRECTION('',(0.,-1.,0.));
#4473=DIRECTION('',(0.,0.,-1.));
#4474=DIRECTION('',(0.,-1.,0.));
#4475=DIRECTION('',(0.,0.,-1.));
#4476=DIRECTION('',(0.,-1.,0.));
#4477=DIRECTION('',(0.,0.,-1.));
#4478=DIRECTION('',(0.,-1.,0.));
#4479=DIRECTION('',(0.,0.,-1.));
#4480=DIRECTION('',(0.,-1.,0.));
#4481=DIRECTION('',(0.,0.,-1.));
#4482=DIRECTION('',(0.,-1.,0.));
#4483=DIRECTION('',(0.,0.,-1.));
#4484=DIRECTION('',(0.,-1.,0.));
#4485=DIRECTION('',(0.,0.,-1.));
#4486=DIRECTION('',(0.,-1.,0.));
#4487=DIRECTION('',(0.,0.,-1.));
#4488=DIRECTION('',(0.,-1.,0.));
#4489=DIRECTION('',(0.,0.,-1.));
#4490=DIRECTION('',(0.,-1.,0.));
#4491=DIRECTION('',(0.,0.,-1.));
#4492=DIRECTION('',(0.,-1.,0.));
#4493=DIRECTION('',(0.,0.,-1.));
#4494=DIRECTION('',(0.,-1.,0.));
#4495=DIRECTION('',(0.,0.,-1.));
#4496=DIRECTION('',(0.,-1.,0.));
#4497=DIRECTION('',(0.,0.,-1.));
#4498=DIRECTION('',(0.,-1.,0.));
#4499=DIRECTION('',(0.,0.,-1.));
#4500=DIRECTION('',(0.,-1.,0.));
#4501=DIRECTION('',(0.,0.,-1.));
#4502=DIRECTION('',(0.,-1.,0.));
#4503=DIRECTION('',(0.,0.,-1.));
#4504=DIRECTION('',(0.,-1.,0.));
#4505=DIRECTION('',(0.,0.,-1.));
#4506=DIRECTION('',(0.,1.,0.));
#4507=DIRECTION('',(0.,0.,-1.));
#4508=DIRECTION('',(0.,-1.,0.));
#4509=DIRECTION('',(0.,0.,-1.));
#4510=DIRECTION('',(0.,-1.,0.));
#4511=DIRECTION('',(0.,0.,-1.));
#4512=DIRECTION('',(0.,1.,0.));
#4513=DIRECTION('',(0.,1.,0.));
#4514=DIRECTION('',(0.,0.,1.));
#4515=DIRECTION('',(1.,0.,0.));
#4516=DIRECTION('',(0.,0.,1.));
#4517=DIRECTION('',(1.,0.,0.));
#4518=DIRECTION('',(-1.,0.,0.));
#4519=DIRECTION('',(0.,0.,1.));
#4520=DIRECTION('',(0.,0.,-1.));
#4521=DIRECTION('',(0.,-1.,0.));
#4522=DIRECTION('',(0.,0.,-1.));
#4523=DIRECTION('',(0.,-1.,0.));
#4524=DIRECTION('',(0.,1.,0.));
#4525=DIRECTION('',(0.,0.,1.));
#4526=DIRECTION('',(1.,0.,0.));
#4527=DIRECTION('',(-1.,0.,0.));
#4528=DIRECTION('',(0.,1.,0.));
#4529=DIRECTION('',(0.,0.,1.));
#4530=DIRECTION('',(1.,0.,0.));
#4531=DIRECTION('',(-1.,0.,0.));
#4532=DIRECTION('',(0.,0.,-1.));
#4533=DIRECTION('',(-1.,0.,0.));
#4534=DIRECTION('',(0.,0.,1.));
#4535=DIRECTION('',(1.,0.,0.));
#4536=DIRECTION('',(-1.,0.,0.));
#4537=DIRECTION('',(0.,0.,1.));
#4538=DIRECTION('',(0.,0.,-1.));
#4539=DIRECTION('',(0.,-1.,0.));
#4540=DIRECTION('',(0.,0.,-1.));
#4541=DIRECTION('',(0.,-1.,0.));
#4542=DIRECTION('',(0.,1.,0.));
#4543=DIRECTION('',(0.,0.,1.));
#4544=DIRECTION('',(1.,0.,0.));
#4545=DIRECTION('',(-1.,0.,0.));
#4546=DIRECTION('',(0.,1.,0.));
#4547=DIRECTION('',(0.,0.,1.));
#4548=DIRECTION('',(1.,0.,0.));
#4549=DIRECTION('',(-1.,0.,0.));
#4550=DIRECTION('',(0.,0.,1.));
#4551=DIRECTION('',(1.,0.,0.));
#4552=DIRECTION('',(0.,0.,-1.));
#4553=DIRECTION('',(-1.,0.,0.));
#4554=DIRECTION('',(-1.,0.,0.));
#4555=DIRECTION('',(0.,0.,1.));
#4556=DIRECTION('',(0.,0.,-1.));
#4557=DIRECTION('',(0.,-1.,0.));
#4558=DIRECTION('',(0.,0.,-1.));
#4559=DIRECTION('',(0.,-1.,0.));
#4560=DIRECTION('',(0.,1.,0.));
#4561=DIRECTION('',(0.,0.,1.));
#4562=DIRECTION('',(1.,0.,0.));
#4563=DIRECTION('',(-1.,0.,0.));
#4564=DIRECTION('',(0.,1.,0.));
#4565=DIRECTION('',(0.,0.,1.));
#4566=DIRECTION('',(1.,0.,0.));
#4567=DIRECTION('',(-1.,0.,0.));
#4568=DIRECTION('',(0.,0.,1.));
#4569=DIRECTION('',(1.,0.,0.));
#4570=DIRECTION('',(0.,0.,-1.));
#4571=DIRECTION('',(-1.,0.,0.));
#4572=DIRECTION('',(-1.,0.,0.));
#4573=DIRECTION('',(0.,0.,1.));
#4574=DIRECTION('',(0.,0.,-1.));
#4575=DIRECTION('',(0.,-1.,0.));
#4576=DIRECTION('',(0.,0.,-1.));
#4577=DIRECTION('',(0.,-1.,0.));
#4578=DIRECTION('',(0.,1.,0.));
#4579=DIRECTION('',(0.,0.,1.));
#4580=DIRECTION('',(1.,0.,0.));
#4581=DIRECTION('',(-1.,0.,0.));
#4582=DIRECTION('',(0.,1.,0.));
#4583=DIRECTION('',(0.,0.,1.));
#4584=DIRECTION('',(1.,0.,0.));
#4585=DIRECTION('',(-1.,0.,0.));
#4586=DIRECTION('',(0.,0.,1.));
#4587=DIRECTION('',(1.,0.,0.));
#4588=DIRECTION('',(0.,0.,-1.));
#4589=DIRECTION('',(-1.,0.,0.));
#4590=DIRECTION('',(-1.,0.,0.));
#4591=DIRECTION('',(0.,0.,1.));
#4592=DIRECTION('',(0.,0.,-1.));
#4593=DIRECTION('',(0.,-1.,0.));
#4594=DIRECTION('',(0.,0.,-1.));
#4595=DIRECTION('',(0.,-1.,0.));
#4596=DIRECTION('',(0.,1.,0.));
#4597=DIRECTION('',(0.,0.,1.));
#4598=DIRECTION('',(1.,0.,0.));
#4599=DIRECTION('',(-1.,0.,0.));
#4600=DIRECTION('',(0.,1.,0.));
#4601=DIRECTION('',(0.,0.,1.));
#4602=DIRECTION('',(1.,0.,0.));
#4603=DIRECTION('',(-1.,0.,0.));
#4604=DIRECTION('',(0.,0.,1.));
#4605=DIRECTION('',(1.,0.,0.));
#4606=DIRECTION('',(0.,0.,-1.));
#4607=DIRECTION('',(-1.,0.,0.));
#4608=DIRECTION('',(-1.,0.,0.));
#4609=DIRECTION('',(0.,0.,1.));
#4610=DIRECTION('',(0.,0.,-1.));
#4611=DIRECTION('',(0.,-1.,0.));
#4612=DIRECTION('',(0.,0.,-1.));
#4613=DIRECTION('',(0.,-1.,0.));
#4614=DIRECTION('',(0.,1.,0.));
#4615=DIRECTION('',(0.,0.,1.));
#4616=DIRECTION('',(1.,0.,0.));
#4617=DIRECTION('',(-1.,0.,0.));
#4618=DIRECTION('',(0.,1.,0.));
#4619=DIRECTION('',(0.,0.,1.));
#4620=DIRECTION('',(1.,0.,0.));
#4621=DIRECTION('',(-1.,0.,0.));
#4622=DIRECTION('',(0.,0.,1.));
#4623=DIRECTION('',(1.,0.,0.));
#4624=DIRECTION('',(0.,0.,-1.));
#4625=DIRECTION('',(-1.,0.,0.));
#4626=DIRECTION('',(-1.,0.,0.));
#4627=DIRECTION('',(0.,0.,1.));
#4628=DIRECTION('',(0.,0.,-1.));
#4629=DIRECTION('',(0.,-1.,0.));
#4630=DIRECTION('',(0.,0.,-1.));
#4631=DIRECTION('',(0.,-1.,0.));
#4632=DIRECTION('',(0.,1.,0.));
#4633=DIRECTION('',(0.,0.,1.));
#4634=DIRECTION('',(1.,0.,0.));
#4635=DIRECTION('',(-1.,0.,0.));
#4636=DIRECTION('',(0.,1.,0.));
#4637=DIRECTION('',(0.,0.,1.));
#4638=DIRECTION('',(1.,0.,0.));
#4639=DIRECTION('',(-1.,0.,0.));
#4640=DIRECTION('',(0.,0.,1.));
#4641=DIRECTION('',(1.,0.,0.));
#4642=DIRECTION('',(0.,0.,-1.));
#4643=DIRECTION('',(-1.,0.,0.));
#4644=DIRECTION('',(-1.,0.,0.));
#4645=DIRECTION('',(0.,0.,1.));
#4646=DIRECTION('',(0.,0.,-1.));
#4647=DIRECTION('',(0.,-1.,0.));
#4648=DIRECTION('',(0.,0.,-1.));
#4649=DIRECTION('',(0.,-1.,0.));
#4650=DIRECTION('',(0.,1.,0.));
#4651=DIRECTION('',(0.,0.,1.));
#4652=DIRECTION('',(1.,0.,0.));
#4653=DIRECTION('',(-1.,0.,0.));
#4654=DIRECTION('',(0.,1.,0.));
#4655=DIRECTION('',(0.,0.,1.));
#4656=DIRECTION('',(1.,0.,0.));
#4657=DIRECTION('',(-1.,0.,0.));
#4658=DIRECTION('',(0.,0.,1.));
#4659=DIRECTION('',(1.,0.,0.));
#4660=DIRECTION('',(0.,0.,-1.));
#4661=DIRECTION('',(-1.,0.,0.));
#4662=DIRECTION('',(-1.,0.,0.));
#4663=DIRECTION('',(0.,0.,1.));
#4664=DIRECTION('',(0.,0.,-1.));
#4665=DIRECTION('',(0.,-1.,0.));
#4666=DIRECTION('',(0.,0.,-1.));
#4667=DIRECTION('',(0.,-1.,0.));
#4668=DIRECTION('',(0.,1.,0.));
#4669=DIRECTION('',(0.,0.,1.));
#4670=DIRECTION('',(1.,0.,0.));
#4671=DIRECTION('',(-1.,0.,0.));
#4672=DIRECTION('',(0.,1.,0.));
#4673=DIRECTION('',(0.,0.,1.));
#4674=DIRECTION('',(1.,0.,0.));
#4675=DIRECTION('',(-1.,0.,0.));
#4676=DIRECTION('',(0.,0.,1.));
#4677=DIRECTION('',(1.,0.,0.));
#4678=DIRECTION('',(0.,0.,-1.));
#4679=DIRECTION('',(-1.,0.,0.));
#4680=DIRECTION('',(-1.,0.,0.));
#4681=DIRECTION('',(0.,0.,1.));
#4682=DIRECTION('',(0.,0.,-1.));
#4683=DIRECTION('',(0.,-1.,0.));
#4684=DIRECTION('',(0.,0.,-1.));
#4685=DIRECTION('',(0.,-1.,0.));
#4686=DIRECTION('',(0.,1.,0.));
#4687=DIRECTION('',(0.,0.,1.));
#4688=DIRECTION('',(1.,0.,0.));
#4689=DIRECTION('',(-1.,0.,0.));
#4690=DIRECTION('',(0.,1.,0.));
#4691=DIRECTION('',(0.,0.,1.));
#4692=DIRECTION('',(1.,0.,0.));
#4693=DIRECTION('',(-1.,0.,0.));
#4694=DIRECTION('',(0.,0.,1.));
#4695=DIRECTION('',(1.,0.,0.));
#4696=DIRECTION('',(0.,0.,-1.));
#4697=DIRECTION('',(-1.,0.,0.));
#4698=DIRECTION('',(-1.,0.,0.));
#4699=DIRECTION('',(0.,0.,1.));
#4700=DIRECTION('',(0.,0.,-1.));
#4701=DIRECTION('',(0.,-1.,0.));
#4702=DIRECTION('',(0.,0.,-1.));
#4703=DIRECTION('',(0.,-1.,0.));
#4704=DIRECTION('',(0.,1.,0.));
#4705=DIRECTION('',(0.,0.,1.));
#4706=DIRECTION('',(1.,0.,0.));
#4707=DIRECTION('',(-1.,0.,0.));
#4708=DIRECTION('',(0.,1.,0.));
#4709=DIRECTION('',(0.,0.,1.));
#4710=DIRECTION('',(1.,0.,0.));
#4711=DIRECTION('',(-1.,0.,0.));
#4712=DIRECTION('',(0.,0.,1.));
#4713=DIRECTION('',(1.,0.,0.));
#4714=DIRECTION('',(0.,0.,-1.));
#4715=DIRECTION('',(-1.,0.,0.));
#4716=DIRECTION('',(-1.,0.,0.));
#4717=DIRECTION('',(0.,0.,1.));
#4718=DIRECTION('',(0.,0.,-1.));
#4719=DIRECTION('',(0.,-1.,0.));
#4720=DIRECTION('',(0.,0.,-1.));
#4721=DIRECTION('',(0.,-1.,0.));
#4722=DIRECTION('',(0.,1.,0.));
#4723=DIRECTION('',(0.,0.,1.));
#4724=DIRECTION('',(1.,0.,0.));
#4725=DIRECTION('',(-1.,0.,0.));
#4726=DIRECTION('',(0.,1.,0.));
#4727=DIRECTION('',(0.,0.,1.));
#4728=DIRECTION('',(1.,0.,0.));
#4729=DIRECTION('',(-1.,0.,0.));
#4730=DIRECTION('',(0.,0.,1.));
#4731=DIRECTION('',(1.,0.,0.));
#4732=DIRECTION('',(0.,0.,-1.));
#4733=DIRECTION('',(-1.,0.,0.));
#4734=DIRECTION('',(-1.,0.,0.));
#4735=DIRECTION('',(0.,0.,1.));
#4736=DIRECTION('',(0.,0.,-1.));
#4737=DIRECTION('',(0.,-1.,0.));
#4738=DIRECTION('',(0.,0.,-1.));
#4739=DIRECTION('',(0.,-1.,0.));
#4740=DIRECTION('',(0.,1.,0.));
#4741=DIRECTION('',(0.,0.,1.));
#4742=DIRECTION('',(1.,0.,0.));
#4743=DIRECTION('',(-1.,0.,0.));
#4744=DIRECTION('',(0.,1.,0.));
#4745=DIRECTION('',(0.,0.,1.));
#4746=DIRECTION('',(1.,0.,0.));
#4747=DIRECTION('',(-1.,0.,0.));
#4748=DIRECTION('',(0.,0.,1.));
#4749=DIRECTION('',(1.,0.,0.));
#4750=DIRECTION('',(0.,0.,-1.));
#4751=DIRECTION('',(-1.,0.,0.));
#4752=DIRECTION('',(-1.,0.,0.));
#4753=DIRECTION('',(0.,0.,1.));
#4754=DIRECTION('',(0.,0.,-1.));
#4755=DIRECTION('',(0.,-1.,0.));
#4756=DIRECTION('',(0.,0.,-1.));
#4757=DIRECTION('',(0.,-1.,0.));
#4758=DIRECTION('',(0.,1.,0.));
#4759=DIRECTION('',(0.,0.,1.));
#4760=DIRECTION('',(1.,0.,0.));
#4761=DIRECTION('',(-1.,0.,0.));
#4762=DIRECTION('',(0.,1.,0.));
#4763=DIRECTION('',(0.,0.,1.));
#4764=DIRECTION('',(1.,0.,0.));
#4765=DIRECTION('',(-1.,0.,0.));
#4766=DIRECTION('',(0.,0.,1.));
#4767=DIRECTION('',(1.,0.,0.));
#4768=DIRECTION('',(0.,0.,-1.));
#4769=DIRECTION('',(-1.,0.,0.));
#4770=DIRECTION('',(0.,0.,-1.));
#4771=DIRECTION('',(-1.,0.,0.));
#4772=DIRECTION('',(1.,0.,0.));
#4773=DIRECTION('',(1.,0.,0.));
#4774=DIRECTION('',(0.,-1.,0.));
#4775=DIRECTION('',(0.,1.,0.));
#4776=DIRECTION('',(0.,0.,1.));
#4777=DIRECTION('',(0.,0.,-1.));
#4778=DIRECTION('',(-1.,0.,0.));
#4779=DIRECTION('',(0.,1.,0.));
#4780=DIRECTION('',(0.,0.,1.));
#4781=DIRECTION('',(-1.,0.,0.));
#4782=DIRECTION('',(0.,0.,-1.));
#4783=DIRECTION('',(-1.,0.,0.));
#4784=DIRECTION('',(0.,0.,1.));
#4785=DIRECTION('',(0.,-1.,0.));
#4786=DIRECTION('',(0.,0.,1.));
#4787=DIRECTION('',(1.,0.,0.));
#4788=DIRECTION('',(1.,0.,0.));
#4789=DIRECTION('',(0.,0.,-1.));
#4790=DIRECTION('',(0.,0.,1.));
#4791=DIRECTION('',(0.,-1.,0.));
#4792=DIRECTION('',(0.,0.,1.));
#4793=DIRECTION('',(0.,-1.,0.));
#4794=DIRECTION('',(0.,1.,0.));
#4795=DIRECTION('',(0.,0.,1.));
#4796=DIRECTION('',(-1.,0.,0.));
#4797=DIRECTION('',(1.,0.,0.));
#4798=DIRECTION('',(0.,1.,0.));
#4799=DIRECTION('',(0.,0.,1.));
#4800=DIRECTION('',(-1.,0.,0.));
#4801=DIRECTION('',(1.,0.,0.));
#4802=DIRECTION('',(0.,0.,-1.));
#4803=DIRECTION('',(-1.,0.,0.));
#4804=DIRECTION('',(0.,0.,1.));
#4805=DIRECTION('',(1.,0.,0.));
#4806=DIRECTION('',(1.,0.,0.));
#4807=DIRECTION('',(0.,0.,-1.));
#4808=DIRECTION('',(0.,0.,1.));
#4809=DIRECTION('',(0.,-1.,0.));
#4810=DIRECTION('',(0.,0.,1.));
#4811=DIRECTION('',(0.,-1.,0.));
#4812=DIRECTION('',(0.,1.,0.));
#4813=DIRECTION('',(0.,0.,1.));
#4814=DIRECTION('',(-1.,0.,0.));
#4815=DIRECTION('',(1.,0.,0.));
#4816=DIRECTION('',(0.,1.,0.));
#4817=DIRECTION('',(0.,0.,1.));
#4818=DIRECTION('',(-1.,0.,0.));
#4819=DIRECTION('',(1.,0.,0.));
#4820=DIRECTION('',(0.,0.,-1.));
#4821=DIRECTION('',(-1.,0.,0.));
#4822=DIRECTION('',(0.,0.,1.));
#4823=DIRECTION('',(1.,0.,0.));
#4824=DIRECTION('',(1.,0.,0.));
#4825=DIRECTION('',(0.,0.,-1.));
#4826=DIRECTION('',(0.,0.,1.));
#4827=DIRECTION('',(0.,-1.,0.));
#4828=DIRECTION('',(0.,0.,1.));
#4829=DIRECTION('',(0.,-1.,0.));
#4830=DIRECTION('',(0.,1.,0.));
#4831=DIRECTION('',(0.,0.,1.));
#4832=DIRECTION('',(-1.,0.,0.));
#4833=DIRECTION('',(1.,0.,0.));
#4834=DIRECTION('',(0.,1.,0.));
#4835=DIRECTION('',(0.,0.,1.));
#4836=DIRECTION('',(-1.,0.,0.));
#4837=DIRECTION('',(1.,0.,0.));
#4838=DIRECTION('',(0.,0.,-1.));
#4839=DIRECTION('',(-1.,0.,0.));
#4840=DIRECTION('',(0.,0.,1.));
#4841=DIRECTION('',(1.,0.,0.));
#4842=DIRECTION('',(1.,0.,0.));
#4843=DIRECTION('',(0.,0.,-1.));
#4844=DIRECTION('',(0.,0.,1.));
#4845=DIRECTION('',(0.,-1.,0.));
#4846=DIRECTION('',(0.,0.,1.));
#4847=DIRECTION('',(0.,-1.,0.));
#4848=DIRECTION('',(0.,1.,0.));
#4849=DIRECTION('',(0.,0.,1.));
#4850=DIRECTION('',(-1.,0.,0.));
#4851=DIRECTION('',(1.,0.,0.));
#4852=DIRECTION('',(0.,1.,0.));
#4853=DIRECTION('',(0.,0.,1.));
#4854=DIRECTION('',(-1.,0.,0.));
#4855=DIRECTION('',(1.,0.,0.));
#4856=DIRECTION('',(0.,0.,-1.));
#4857=DIRECTION('',(-1.,0.,0.));
#4858=DIRECTION('',(0.,0.,1.));
#4859=DIRECTION('',(1.,0.,0.));
#4860=DIRECTION('',(1.,0.,0.));
#4861=DIRECTION('',(0.,0.,-1.));
#4862=DIRECTION('',(0.,0.,1.));
#4863=DIRECTION('',(0.,-1.,0.));
#4864=DIRECTION('',(0.,0.,1.));
#4865=DIRECTION('',(0.,-1.,0.));
#4866=DIRECTION('',(0.,1.,0.));
#4867=DIRECTION('',(0.,0.,1.));
#4868=DIRECTION('',(-1.,0.,0.));
#4869=DIRECTION('',(1.,0.,0.));
#4870=DIRECTION('',(0.,1.,0.));
#4871=DIRECTION('',(0.,0.,1.));
#4872=DIRECTION('',(-1.,0.,0.));
#4873=DIRECTION('',(1.,0.,0.));
#4874=DIRECTION('',(0.,0.,-1.));
#4875=DIRECTION('',(-1.,0.,0.));
#4876=DIRECTION('',(0.,0.,1.));
#4877=DIRECTION('',(1.,0.,0.));
#4878=DIRECTION('',(1.,0.,0.));
#4879=DIRECTION('',(0.,0.,-1.));
#4880=DIRECTION('',(0.,0.,1.));
#4881=DIRECTION('',(0.,-1.,0.));
#4882=DIRECTION('',(0.,0.,1.));
#4883=DIRECTION('',(0.,-1.,0.));
#4884=DIRECTION('',(0.,1.,0.));
#4885=DIRECTION('',(0.,0.,1.));
#4886=DIRECTION('',(-1.,0.,0.));
#4887=DIRECTION('',(1.,0.,0.));
#4888=DIRECTION('',(0.,1.,0.));
#4889=DIRECTION('',(0.,0.,1.));
#4890=DIRECTION('',(-1.,0.,0.));
#4891=DIRECTION('',(1.,0.,0.));
#4892=DIRECTION('',(0.,0.,-1.));
#4893=DIRECTION('',(-1.,0.,0.));
#4894=DIRECTION('',(0.,0.,1.));
#4895=DIRECTION('',(1.,0.,0.));
#4896=DIRECTION('',(1.,0.,0.));
#4897=DIRECTION('',(0.,0.,-1.));
#4898=DIRECTION('',(0.,0.,1.));
#4899=DIRECTION('',(0.,-1.,0.));
#4900=DIRECTION('',(0.,0.,1.));
#4901=DIRECTION('',(0.,-1.,0.));
#4902=DIRECTION('',(0.,1.,0.));
#4903=DIRECTION('',(0.,0.,1.));
#4904=DIRECTION('',(-1.,0.,0.));
#4905=DIRECTION('',(1.,0.,0.));
#4906=DIRECTION('',(0.,1.,0.));
#4907=DIRECTION('',(0.,0.,1.));
#4908=DIRECTION('',(-1.,0.,0.));
#4909=DIRECTION('',(1.,0.,0.));
#4910=DIRECTION('',(0.,0.,-1.));
#4911=DIRECTION('',(-1.,0.,0.));
#4912=DIRECTION('',(0.,0.,1.));
#4913=DIRECTION('',(1.,0.,0.));
#4914=DIRECTION('',(1.,0.,0.));
#4915=DIRECTION('',(0.,0.,-1.));
#4916=DIRECTION('',(0.,0.,1.));
#4917=DIRECTION('',(0.,-1.,0.));
#4918=DIRECTION('',(0.,0.,1.));
#4919=DIRECTION('',(0.,-1.,0.));
#4920=DIRECTION('',(0.,1.,0.));
#4921=DIRECTION('',(0.,0.,1.));
#4922=DIRECTION('',(-1.,0.,0.));
#4923=DIRECTION('',(1.,0.,0.));
#4924=DIRECTION('',(0.,1.,0.));
#4925=DIRECTION('',(0.,0.,1.));
#4926=DIRECTION('',(-1.,0.,0.));
#4927=DIRECTION('',(1.,0.,0.));
#4928=DIRECTION('',(0.,0.,-1.));
#4929=DIRECTION('',(-1.,0.,0.));
#4930=DIRECTION('',(0.,0.,1.));
#4931=DIRECTION('',(1.,0.,0.));
#4932=DIRECTION('',(1.,0.,0.));
#4933=DIRECTION('',(0.,0.,-1.));
#4934=DIRECTION('',(0.,0.,1.));
#4935=DIRECTION('',(0.,-1.,0.));
#4936=DIRECTION('',(0.,0.,1.));
#4937=DIRECTION('',(0.,-1.,0.));
#4938=DIRECTION('',(0.,1.,0.));
#4939=DIRECTION('',(0.,0.,1.));
#4940=DIRECTION('',(-1.,0.,0.));
#4941=DIRECTION('',(1.,0.,0.));
#4942=DIRECTION('',(0.,1.,0.));
#4943=DIRECTION('',(0.,0.,1.));
#4944=DIRECTION('',(-1.,0.,0.));
#4945=DIRECTION('',(1.,0.,0.));
#4946=DIRECTION('',(0.,0.,-1.));
#4947=DIRECTION('',(-1.,0.,0.));
#4948=DIRECTION('',(0.,0.,1.));
#4949=DIRECTION('',(1.,0.,0.));
#4950=DIRECTION('',(1.,0.,0.));
#4951=DIRECTION('',(0.,0.,-1.));
#4952=DIRECTION('',(0.,0.,1.));
#4953=DIRECTION('',(0.,-1.,0.));
#4954=DIRECTION('',(0.,0.,1.));
#4955=DIRECTION('',(0.,-1.,0.));
#4956=DIRECTION('',(0.,1.,0.));
#4957=DIRECTION('',(0.,0.,1.));
#4958=DIRECTION('',(-1.,0.,0.));
#4959=DIRECTION('',(1.,0.,0.));
#4960=DIRECTION('',(0.,1.,0.));
#4961=DIRECTION('',(0.,0.,1.));
#4962=DIRECTION('',(-1.,0.,0.));
#4963=DIRECTION('',(1.,0.,0.));
#4964=DIRECTION('',(0.,0.,-1.));
#4965=DIRECTION('',(-1.,0.,0.));
#4966=DIRECTION('',(0.,0.,1.));
#4967=DIRECTION('',(1.,0.,0.));
#4968=DIRECTION('',(1.,0.,0.));
#4969=DIRECTION('',(0.,0.,-1.));
#4970=DIRECTION('',(0.,0.,1.));
#4971=DIRECTION('',(0.,-1.,0.));
#4972=DIRECTION('',(0.,0.,1.));
#4973=DIRECTION('',(0.,-1.,0.));
#4974=DIRECTION('',(0.,1.,0.));
#4975=DIRECTION('',(0.,0.,1.));
#4976=DIRECTION('',(-1.,0.,0.));
#4977=DIRECTION('',(1.,0.,0.));
#4978=DIRECTION('',(0.,1.,0.));
#4979=DIRECTION('',(0.,0.,1.));
#4980=DIRECTION('',(-1.,0.,0.));
#4981=DIRECTION('',(1.,0.,0.));
#4982=DIRECTION('',(0.,0.,-1.));
#4983=DIRECTION('',(-1.,0.,0.));
#4984=DIRECTION('',(0.,0.,1.));
#4985=DIRECTION('',(1.,0.,0.));
#4986=DIRECTION('',(1.,0.,0.));
#4987=DIRECTION('',(0.,0.,-1.));
#4988=DIRECTION('',(0.,0.,1.));
#4989=DIRECTION('',(0.,-1.,0.));
#4990=DIRECTION('',(0.,0.,1.));
#4991=DIRECTION('',(0.,-1.,0.));
#4992=DIRECTION('',(0.,1.,0.));
#4993=DIRECTION('',(0.,0.,1.));
#4994=DIRECTION('',(-1.,0.,0.));
#4995=DIRECTION('',(1.,0.,0.));
#4996=DIRECTION('',(0.,1.,0.));
#4997=DIRECTION('',(0.,0.,1.));
#4998=DIRECTION('',(-1.,0.,0.));
#4999=DIRECTION('',(1.,0.,0.));
#5000=DIRECTION('',(0.,0.,-1.));
#5001=DIRECTION('',(-1.,0.,0.));
#5002=DIRECTION('',(0.,0.,1.));
#5003=DIRECTION('',(1.,0.,0.));
#5004=DIRECTION('',(1.,0.,0.));
#5005=DIRECTION('',(0.,0.,-1.));
#5006=DIRECTION('',(0.,0.,1.));
#5007=DIRECTION('',(0.,-1.,0.));
#5008=DIRECTION('',(0.,0.,1.));
#5009=DIRECTION('',(0.,-1.,0.));
#5010=DIRECTION('',(0.,1.,0.));
#5011=DIRECTION('',(0.,0.,1.));
#5012=DIRECTION('',(-1.,0.,0.));
#5013=DIRECTION('',(1.,0.,0.));
#5014=DIRECTION('',(0.,1.,0.));
#5015=DIRECTION('',(0.,0.,1.));
#5016=DIRECTION('',(-1.,0.,0.));
#5017=DIRECTION('',(1.,0.,0.));
#5018=DIRECTION('',(0.,0.,-1.));
#5019=DIRECTION('',(-1.,0.,0.));
#5020=DIRECTION('',(0.,0.,1.));
#5021=DIRECTION('',(1.,0.,0.));
#5022=DIRECTION('',(1.,0.,0.));
#5023=DIRECTION('',(0.,0.,-1.));
#5024=DIRECTION('',(0.,0.,1.));
#5025=DIRECTION('',(0.,-1.,0.));
#5026=DIRECTION('',(0.,0.,1.));
#5027=DIRECTION('',(0.,-1.,0.));
#5028=DIRECTION('',(0.,1.,0.));
#5029=DIRECTION('',(0.,0.,1.));
#5030=DIRECTION('',(-1.,0.,0.));
#5031=DIRECTION('',(1.,0.,0.));
#5032=DIRECTION('',(0.,1.,0.));
#5033=DIRECTION('',(0.,0.,1.));
#5034=DIRECTION('',(-1.,0.,0.));
#5035=DIRECTION('',(1.,0.,0.));
#5036=DIRECTION('',(0.,0.,-1.));
#5037=DIRECTION('',(-1.,0.,0.));
#5038=DIRECTION('',(0.,0.,1.));
#5039=DIRECTION('',(1.,0.,0.));
#5040=DIRECTION('',(0.,0.,1.));
#5041=DIRECTION('',(1.,0.,0.));
#5042=DIRECTION('',(-1.,0.,0.));
#5043=DIRECTION('',(-1.,0.,0.));
#5044=DIRECTION('',(0.,-1.,0.));
#5045=DIRECTION('',(0.,1.,0.));
#5046=DIRECTION('',(0.,0.,1.));
#5047=DIRECTION('',(0.,0.,1.));
#5048=DIRECTION('',(1.,0.,0.));
#5049=DIRECTION('',(0.,1.,0.));
#5050=DIRECTION('',(0.,0.,1.));
#5051=DIRECTION('',(1.,0.,0.));
#5052=DIRECTION('',(0.,0.,1.));
#5053=DIRECTION('',(1.,0.,0.));
#5054=DIRECTION('',(0.,0.,-1.));
#5055=DIRECTION('',(0.,-1.,0.));
#5056=DIRECTION('',(0.,0.,-1.));
#5057=DIRECTION('',(-1.,0.,0.));
#5058=DIRECTION('',(0.,0.,1.));
#5059=DIRECTION('',(1.,0.,0.));
#5060=DIRECTION('',(3.91183868088321E-18,1.,0.));
#5061=DIRECTION('',(-1.,3.91183868088321E-18,0.));
#5062=DIRECTION('',(-0.997809003501025,3.90326785602884E-18,-0.0661603546868561));
#5063=DIRECTION('',(0.,0.,-1.));
#5064=DIRECTION('',(0.997809003501025,-3.90326785602884E-18,-0.0661603546868561));
#5065=DIRECTION('',(1.,-3.91183868088321E-18,0.));
#5066=DIRECTION('',(0.,0.,-1.));
#5067=DIRECTION('',(1.,-3.91183868088321E-18,0.));
#5068=DIRECTION('',(-1.,0.,0.));
#5069=DIRECTION('',(0.,0.,1.));
#5070=DIRECTION('',(0.,-1.,0.));
#5071=DIRECTION('',(0.,0.,-1.));
#5072=DIRECTION('',(0.,-1.,0.));
#5073=DIRECTION('',(0.,-1.,0.));
#5074=DIRECTION('',(0.,0.,-1.));
#5075=DIRECTION('',(0.997809003501025,0.,0.0661603546868561));
#5076=DIRECTION('',(-1.,0.,0.));
#5077=DIRECTION('',(0.,0.,-1.));
#5078=DIRECTION('',(-1.,0.,0.));
#5079=DIRECTION('',(-0.997809003501025,0.,0.0661603546868561));
#5080=DIRECTION('',(0.,0.,1.));
#5081=DIRECTION('',(1.,0.,0.));
#5082=DIRECTION('',(0.,1.,0.));
#5083=DIRECTION('',(0.,0.,1.));
#5084=DIRECTION('',(1.,0.,0.));
#5085=DIRECTION('',(-0.9702261020822,-0.242200972001312,0.));
#5086=DIRECTION('',(-1.,0.,0.));
#5087=DIRECTION('',(0.,-1.,0.));
#5088=DIRECTION('',(1.,0.,0.));
#5089=DIRECTION('',(0.,0.,1.));
#5090=DIRECTION('',(1.,0.,0.));
#5091=DIRECTION('',(0.9702261020822,0.242200972001312,0.));
#5092=DIRECTION('',(0.,0.,1.));
#5093=DIRECTION('',(1.,0.,0.));
#5094=DIRECTION('',(0.,1.,0.));
#5095=DIRECTION('',(0.9702261020822,0.242200972001312,0.));
#5096=DIRECTION('',(0.,0.,1.));
#5097=DIRECTION('',(1.,0.,0.));
#5098=DIRECTION('',(1.,0.,0.));
#5099=DIRECTION('',(0.,-1.,0.));
#5100=DIRECTION('',(-1.,0.,0.));
#5101=DIRECTION('',(-0.9702261020822,-0.242200972001312,0.));
#5102=DIRECTION('',(0.,0.,1.));
#5103=DIRECTION('',(1.,0.,0.));
#5104=DIRECTION('',(0.,-1.,0.));
#5105=DIRECTION('',(0.,0.,-1.));
#5106=DIRECTION('',(0.,0.,-1.));
#5107=DIRECTION('',(0.,0.,-1.));
#5108=DIRECTION('',(1.,0.,0.));
#5109=DIRECTION('',(0.,0.,-1.));
#5110=DIRECTION('',(0.,0.,-1.));
#5111=DIRECTION('',(0.,1.,0.));
#5112=DIRECTION('',(0.,0.,1.));
#5113=DIRECTION('',(0.,0.,-1.));
#5114=DIRECTION('',(0.,0.,-1.));
#5115=DIRECTION('',(-1.,0.,0.));
#5116=DIRECTION('',(0.,0.,-1.));
#5117=DIRECTION('',(-0.242200972001312,0.9702261020822,0.));
#5118=DIRECTION('',(-0.9702261020822,-0.242200972001312,0.));
#5119=DIRECTION('',(0.,0.,-1.));
#5120=DIRECTION('',(-1.,0.,0.));
#5121=DIRECTION('',(0.,0.,-1.));
#5122=DIRECTION('',(0.242200972001312,-0.9702261020822,0.));
#5123=DIRECTION('',(0.9702261020822,0.242200972001312,0.));
#5124=DIRECTION('',(0.0661603546868561,0.,-0.997809003501025));
#5125=DIRECTION('',(-0.997809003501025,0.,-0.0661603546868561));
#5126=DIRECTION('',(0.0661603546868561,0.,0.997809003501025));
#5127=DIRECTION('',(0.997809003501025,0.,-0.0661603546868561));
#5128=DIRECTION('',(0.,0.,-1.));
#5129=DIRECTION('',(-1.,0.,0.));
#5130=DIRECTION('',(0.,0.,1.));
#5131=DIRECTION('',(1.,0.,0.));
#5132=CARTESIAN_POINT('',(0.,0.,0.));
#5133=CARTESIAN_POINT('',(1.,0.0065,0.31496));
#5134=CARTESIAN_POINT('',(1.,0.0065,-0.31496));
#5135=CARTESIAN_POINT('',(1.,0.0065,-0.31496));
#5136=CARTESIAN_POINT('',(-1.,0.0065,-0.31496));
#5137=CARTESIAN_POINT('',(-1.,0.0065,0.31496));
#5138=CARTESIAN_POINT('',(-1.,0.0065,0.31496));
#5139=CARTESIAN_POINT('',(1.,0.0065,0.31496));
#5140=CARTESIAN_POINT('',(1.,0.0065,0.31496));
#5141=CARTESIAN_POINT('',(1.,0.0065,0.31496));
#5142=CARTESIAN_POINT('',(-1.,0.0065,0.31496));
#5143=CARTESIAN_POINT('',(-1.,0.002,-0.25122));
#5144=CARTESIAN_POINT('',(-1.,0.002,-0.25122));
#5145=CARTESIAN_POINT('',(-1.,-0.002,-0.25122));
#5146=CARTESIAN_POINT('',(-1.,0.002,0.31496));
#5147=CARTESIAN_POINT('',(-1.,0.002,-0.22122));
#5148=CARTESIAN_POINT('',(-1.,0.002,-0.22122));
#5149=CARTESIAN_POINT('',(-1.,-0.002,-0.22122));
#5150=CARTESIAN_POINT('',(-1.,-0.002,0.31496));
#5151=CARTESIAN_POINT('',(-1.,0.002,-0.21185));
#5152=CARTESIAN_POINT('',(-1.,0.002,-0.21185));
#5153=CARTESIAN_POINT('',(-1.,-0.002,-0.21185));
#5154=CARTESIAN_POINT('',(-1.,0.002,0.31496));
#5155=CARTESIAN_POINT('',(-1.,0.002,-0.18185));
#5156=CARTESIAN_POINT('',(-1.,0.002,-0.18185));
#5157=CARTESIAN_POINT('',(-1.,-0.002,-0.18185));
#5158=CARTESIAN_POINT('',(-1.,-0.002,0.31496));
#5159=CARTESIAN_POINT('',(-1.,0.002,-0.17248));
#5160=CARTESIAN_POINT('',(-1.,0.002,-0.17248));
#5161=CARTESIAN_POINT('',(-1.,-0.002,-0.17248));
#5162=CARTESIAN_POINT('',(-1.,0.002,0.31496));
#5163=CARTESIAN_POINT('',(-1.,0.002,-0.14248));
#5164=CARTESIAN_POINT('',(-1.,0.002,-0.14248));
#5165=CARTESIAN_POINT('',(-1.,-0.002,-0.14248));
#5166=CARTESIAN_POINT('',(-1.,-0.002,0.31496));
#5167=CARTESIAN_POINT('',(-1.,0.002,-0.13311));
#5168=CARTESIAN_POINT('',(-1.,0.002,-0.13311));
#5169=CARTESIAN_POINT('',(-1.,-0.002,-0.13311));
#5170=CARTESIAN_POINT('',(-1.,0.002,0.31496));
#5171=CARTESIAN_POINT('',(-1.,0.002,-0.10311));
#5172=CARTESIAN_POINT('',(-1.,0.002,-0.10311));
#5173=CARTESIAN_POINT('',(-1.,-0.002,-0.10311));
#5174=CARTESIAN_POINT('',(-1.,-0.002,0.31496));
#5175=CARTESIAN_POINT('',(-1.,0.002,-0.0937400000000002));
#5176=CARTESIAN_POINT('',(-1.,0.002,-0.0937400000000002));
#5177=CARTESIAN_POINT('',(-1.,-0.002,-0.0937400000000002));
#5178=CARTESIAN_POINT('',(-1.,0.002,0.31496));
#5179=CARTESIAN_POINT('',(-1.,0.002,-0.0637400000000002));
#5180=CARTESIAN_POINT('',(-1.,0.002,-0.0637400000000002));
#5181=CARTESIAN_POINT('',(-1.,-0.002,-0.0637400000000002));
#5182=CARTESIAN_POINT('',(-1.,-0.002,0.31496));
#5183=CARTESIAN_POINT('',(-1.,0.002,-0.05437));
#5184=CARTESIAN_POINT('',(-1.,0.002,-0.05437));
#5185=CARTESIAN_POINT('',(-1.,-0.002,-0.05437));
#5186=CARTESIAN_POINT('',(-1.,0.002,0.31496));
#5187=CARTESIAN_POINT('',(-1.,0.002,-0.02437));
#5188=CARTESIAN_POINT('',(-1.,0.002,-0.0243699999999999));
#5189=CARTESIAN_POINT('',(-1.,-0.002,-0.0243699999999999));
#5190=CARTESIAN_POINT('',(-1.,-0.002,0.31496));
#5191=CARTESIAN_POINT('',(-1.,0.002,-0.0150000000000002));
#5192=CARTESIAN_POINT('',(-1.,0.002,-0.0150000000000002));
#5193=CARTESIAN_POINT('',(-1.,-0.002,-0.0150000000000002));
#5194=CARTESIAN_POINT('',(-1.,0.002,0.31496));
#5195=CARTESIAN_POINT('',(-1.,0.002,0.0149999999999999));
#5196=CARTESIAN_POINT('',(-1.,0.002,0.0149999999999999));
#5197=CARTESIAN_POINT('',(-1.,-0.002,0.0149999999999999));
#5198=CARTESIAN_POINT('',(-1.,-0.002,0.31496));
#5199=CARTESIAN_POINT('',(-1.,0.002,0.0243699999999999));
#5200=CARTESIAN_POINT('',(-1.,0.002,0.0243699999999999));
#5201=CARTESIAN_POINT('',(-1.,-0.002,0.0243699999999999));
#5202=CARTESIAN_POINT('',(-1.,0.002,0.31496));
#5203=CARTESIAN_POINT('',(-1.,0.002,0.0543699999999999));
#5204=CARTESIAN_POINT('',(-1.,0.002,0.0543699999999999));
#5205=CARTESIAN_POINT('',(-1.,-0.002,0.0543699999999999));
#5206=CARTESIAN_POINT('',(-1.,-0.002,0.31496));
#5207=CARTESIAN_POINT('',(-1.,0.002,0.0637399999999999));
#5208=CARTESIAN_POINT('',(-1.,0.002,0.0637399999999999));
#5209=CARTESIAN_POINT('',(-1.,-0.002,0.0637399999999999));
#5210=CARTESIAN_POINT('',(-1.,0.002,0.31496));
#5211=CARTESIAN_POINT('',(-1.,0.002,0.0937399999999999));
#5212=CARTESIAN_POINT('',(-1.,0.002,0.0937399999999999));
#5213=CARTESIAN_POINT('',(-1.,-0.002,0.0937399999999999));
#5214=CARTESIAN_POINT('',(-1.,-0.002,0.31496));
#5215=CARTESIAN_POINT('',(-1.,0.002,0.10311));
#5216=CARTESIAN_POINT('',(-1.,0.002,0.10311));
#5217=CARTESIAN_POINT('',(-1.,-0.002,0.10311));
#5218=CARTESIAN_POINT('',(-1.,0.002,0.31496));
#5219=CARTESIAN_POINT('',(-1.,0.002,0.13311));
#5220=CARTESIAN_POINT('',(-1.,0.002,0.13311));
#5221=CARTESIAN_POINT('',(-1.,-0.002,0.13311));
#5222=CARTESIAN_POINT('',(-1.,-0.002,0.31496));
#5223=CARTESIAN_POINT('',(-1.,0.002,0.14248));
#5224=CARTESIAN_POINT('',(-1.,0.002,0.14248));
#5225=CARTESIAN_POINT('',(-1.,-0.002,0.14248));
#5226=CARTESIAN_POINT('',(-1.,0.002,0.31496));
#5227=CARTESIAN_POINT('',(-1.,0.002,0.17248));
#5228=CARTESIAN_POINT('',(-1.,0.002,0.17248));
#5229=CARTESIAN_POINT('',(-1.,-0.002,0.17248));
#5230=CARTESIAN_POINT('',(-1.,-0.002,0.31496));
#5231=CARTESIAN_POINT('',(-1.,0.002,0.18185));
#5232=CARTESIAN_POINT('',(-1.,0.002,0.18185));
#5233=CARTESIAN_POINT('',(-1.,-0.002,0.18185));
#5234=CARTESIAN_POINT('',(-1.,0.002,0.31496));
#5235=CARTESIAN_POINT('',(-1.,0.002,0.21185));
#5236=CARTESIAN_POINT('',(-1.,0.002,0.21185));
#5237=CARTESIAN_POINT('',(-1.,-0.002,0.21185));
#5238=CARTESIAN_POINT('',(-1.,-0.002,0.31496));
#5239=CARTESIAN_POINT('',(-1.,0.002,0.22122));
#5240=CARTESIAN_POINT('',(-1.,0.002,0.22122));
#5241=CARTESIAN_POINT('',(-1.,-0.002,0.22122));
#5242=CARTESIAN_POINT('',(-1.,0.002,0.31496));
#5243=CARTESIAN_POINT('',(-1.,0.002,0.25122));
#5244=CARTESIAN_POINT('',(-1.,0.002,0.25122));
#5245=CARTESIAN_POINT('',(-1.,-0.002,0.25122));
#5246=CARTESIAN_POINT('',(-1.,-0.002,0.31496));
#5247=CARTESIAN_POINT('',(-1.,0.002,0.26059));
#5248=CARTESIAN_POINT('',(-1.,0.002,0.26059));
#5249=CARTESIAN_POINT('',(-1.,-0.002,0.26059));
#5250=CARTESIAN_POINT('',(-1.,0.002,0.31496));
#5251=CARTESIAN_POINT('',(-1.,0.002,0.29059));
#5252=CARTESIAN_POINT('',(-1.,0.0065,0.29059));
#5253=CARTESIAN_POINT('',(-1.,-0.002,0.29059));
#5254=CARTESIAN_POINT('',(-1.,-0.002,0.31496));
#5255=CARTESIAN_POINT('',(-1.,0.0065,-0.29059));
#5256=CARTESIAN_POINT('',(-1.,0.002,-0.29059));
#5257=CARTESIAN_POINT('',(-1.,-0.002,-0.29059));
#5258=CARTESIAN_POINT('',(-1.,0.002,0.31496));
#5259=CARTESIAN_POINT('',(-1.,0.002,-0.26059));
#5260=CARTESIAN_POINT('',(-1.,0.002,-0.26059));
#5261=CARTESIAN_POINT('',(-1.,-0.002,-0.26059));
#5262=CARTESIAN_POINT('',(-1.,-0.002,0.31496));
#5263=CARTESIAN_POINT('',(-1.,0.0065,-0.31496));
#5264=CARTESIAN_POINT('',(-1.,-0.0065,-0.31496));
#5265=CARTESIAN_POINT('',(-1.,-0.0065,0.31496));
#5266=CARTESIAN_POINT('',(-1.,-0.0065,0.31496));
#5267=CARTESIAN_POINT('',(-1.,0.0065,0.31496));
#5268=CARTESIAN_POINT('',(-1.,-0.0065,0.31496));
#5269=CARTESIAN_POINT('',(-1.,-0.0065,-0.31496));
#5270=CARTESIAN_POINT('',(1.,-0.0065,-0.31496));
#5271=CARTESIAN_POINT('',(1.,-0.0065,0.31496));
#5272=CARTESIAN_POINT('',(1.,-0.0065,0.31496));
#5273=CARTESIAN_POINT('',(-1.,-0.0065,0.31496));
#5274=CARTESIAN_POINT('',(1.,-0.0065,0.31496));
#5275=CARTESIAN_POINT('',(1.,0.002,0.25122));
#5276=CARTESIAN_POINT('',(1.,0.002,0.25122));
#5277=CARTESIAN_POINT('',(1.,-0.002,0.25122));
#5278=CARTESIAN_POINT('',(1.,0.002,0.31496));
#5279=CARTESIAN_POINT('',(1.,0.002,0.22122));
#5280=CARTESIAN_POINT('',(1.,0.002,0.22122));
#5281=CARTESIAN_POINT('',(1.,-0.002,0.22122));
#5282=CARTESIAN_POINT('',(1.,-0.002,0.31496));
#5283=CARTESIAN_POINT('',(1.,0.002,0.21185));
#5284=CARTESIAN_POINT('',(1.,0.002,0.21185));
#5285=CARTESIAN_POINT('',(1.,-0.002,0.21185));
#5286=CARTESIAN_POINT('',(1.,0.002,0.31496));
#5287=CARTESIAN_POINT('',(1.,0.002,0.18185));
#5288=CARTESIAN_POINT('',(1.,0.002,0.18185));
#5289=CARTESIAN_POINT('',(1.,-0.002,0.18185));
#5290=CARTESIAN_POINT('',(1.,-0.002,0.31496));
#5291=CARTESIAN_POINT('',(1.,0.002,0.17248));
#5292=CARTESIAN_POINT('',(1.,0.002,0.17248));
#5293=CARTESIAN_POINT('',(1.,-0.002,0.17248));
#5294=CARTESIAN_POINT('',(1.,0.002,0.31496));
#5295=CARTESIAN_POINT('',(1.,0.002,0.14248));
#5296=CARTESIAN_POINT('',(1.,0.002,0.14248));
#5297=CARTESIAN_POINT('',(1.,-0.002,0.14248));
#5298=CARTESIAN_POINT('',(1.,-0.002,0.31496));
#5299=CARTESIAN_POINT('',(1.,0.002,0.13311));
#5300=CARTESIAN_POINT('',(1.,0.002,0.13311));
#5301=CARTESIAN_POINT('',(1.,-0.002,0.13311));
#5302=CARTESIAN_POINT('',(1.,0.002,0.31496));
#5303=CARTESIAN_POINT('',(1.,0.002,0.10311));
#5304=CARTESIAN_POINT('',(1.,0.002,0.10311));
#5305=CARTESIAN_POINT('',(1.,-0.002,0.10311));
#5306=CARTESIAN_POINT('',(1.,-0.002,0.31496));
#5307=CARTESIAN_POINT('',(1.,0.002,0.0937399999999999));
#5308=CARTESIAN_POINT('',(1.,0.002,0.0937399999999999));
#5309=CARTESIAN_POINT('',(1.,-0.002,0.0937399999999999));
#5310=CARTESIAN_POINT('',(1.,0.002,0.31496));
#5311=CARTESIAN_POINT('',(1.,0.002,0.0637399999999999));
#5312=CARTESIAN_POINT('',(1.,0.002,0.0637399999999999));
#5313=CARTESIAN_POINT('',(1.,-0.002,0.0637399999999999));
#5314=CARTESIAN_POINT('',(1.,-0.002,0.31496));
#5315=CARTESIAN_POINT('',(1.,0.002,0.0543699999999999));
#5316=CARTESIAN_POINT('',(1.,0.002,0.05437));
#5317=CARTESIAN_POINT('',(1.,-0.002,0.05437));
#5318=CARTESIAN_POINT('',(1.,0.002,0.31496));
#5319=CARTESIAN_POINT('',(1.,0.002,0.0243699999999999));
#5320=CARTESIAN_POINT('',(1.,0.002,0.0243699999999999));
#5321=CARTESIAN_POINT('',(1.,-0.002,0.0243699999999999));
#5322=CARTESIAN_POINT('',(1.,-0.002,0.31496));
#5323=CARTESIAN_POINT('',(1.,0.002,0.0149999999999999));
#5324=CARTESIAN_POINT('',(1.,0.002,0.0149999999999999));
#5325=CARTESIAN_POINT('',(1.,-0.002,0.0149999999999999));
#5326=CARTESIAN_POINT('',(1.,0.002,0.31496));
#5327=CARTESIAN_POINT('',(1.,0.002,-0.015));
#5328=CARTESIAN_POINT('',(1.,0.002,-0.0150000000000001));
#5329=CARTESIAN_POINT('',(1.,-0.002,-0.0150000000000001));
#5330=CARTESIAN_POINT('',(1.,-0.002,0.31496));
#5331=CARTESIAN_POINT('',(1.,0.002,-0.0243700000000001));
#5332=CARTESIAN_POINT('',(1.,0.002,-0.02437));
#5333=CARTESIAN_POINT('',(1.,-0.002,-0.02437));
#5334=CARTESIAN_POINT('',(1.,0.002,0.31496));
#5335=CARTESIAN_POINT('',(1.,0.002,-0.0543700000000001));
#5336=CARTESIAN_POINT('',(1.,0.002,-0.0543700000000001));
#5337=CARTESIAN_POINT('',(1.,-0.002,-0.0543700000000001));
#5338=CARTESIAN_POINT('',(1.,-0.002,0.31496));
#5339=CARTESIAN_POINT('',(1.,0.002,-0.0637400000000001));
#5340=CARTESIAN_POINT('',(1.,0.002,-0.06374));
#5341=CARTESIAN_POINT('',(1.,-0.002,-0.06374));
#5342=CARTESIAN_POINT('',(1.,0.002,0.31496));
#5343=CARTESIAN_POINT('',(1.,0.002,-0.0937400000000001));
#5344=CARTESIAN_POINT('',(1.,0.002,-0.0937400000000001));
#5345=CARTESIAN_POINT('',(1.,-0.002,-0.0937400000000001));
#5346=CARTESIAN_POINT('',(1.,-0.002,0.31496));
#5347=CARTESIAN_POINT('',(1.,0.002,-0.10311));
#5348=CARTESIAN_POINT('',(1.,0.002,-0.10311));
#5349=CARTESIAN_POINT('',(1.,-0.002,-0.10311));
#5350=CARTESIAN_POINT('',(1.,0.002,0.31496));
#5351=CARTESIAN_POINT('',(1.,0.002,-0.13311));
#5352=CARTESIAN_POINT('',(1.,0.002,-0.13311));
#5353=CARTESIAN_POINT('',(1.,-0.002,-0.13311));
#5354=CARTESIAN_POINT('',(1.,-0.002,0.31496));
#5355=CARTESIAN_POINT('',(1.,0.002,-0.14248));
#5356=CARTESIAN_POINT('',(1.,0.002,-0.14248));
#5357=CARTESIAN_POINT('',(1.,-0.002,-0.14248));
#5358=CARTESIAN_POINT('',(1.,0.002,0.31496));
#5359=CARTESIAN_POINT('',(1.,0.002,-0.17248));
#5360=CARTESIAN_POINT('',(1.,0.002,-0.17248));
#5361=CARTESIAN_POINT('',(1.,-0.002,-0.17248));
#5362=CARTESIAN_POINT('',(1.,-0.002,0.31496));
#5363=CARTESIAN_POINT('',(1.,0.002,-0.18185));
#5364=CARTESIAN_POINT('',(1.,0.002,-0.18185));
#5365=CARTESIAN_POINT('',(1.,-0.002,-0.18185));
#5366=CARTESIAN_POINT('',(1.,0.002,0.31496));
#5367=CARTESIAN_POINT('',(1.,0.002,-0.21185));
#5368=CARTESIAN_POINT('',(1.,0.002,-0.21185));
#5369=CARTESIAN_POINT('',(1.,-0.002,-0.21185));
#5370=CARTESIAN_POINT('',(1.,-0.002,0.31496));
#5371=CARTESIAN_POINT('',(1.,0.002,-0.22122));
#5372=CARTESIAN_POINT('',(1.,0.002,-0.22122));
#5373=CARTESIAN_POINT('',(1.,-0.002,-0.22122));
#5374=CARTESIAN_POINT('',(1.,0.002,0.31496));
#5375=CARTESIAN_POINT('',(1.,0.002,-0.25122));
#5376=CARTESIAN_POINT('',(1.,0.002,-0.25122));
#5377=CARTESIAN_POINT('',(1.,-0.002,-0.25122));
#5378=CARTESIAN_POINT('',(1.,-0.002,0.31496));
#5379=CARTESIAN_POINT('',(1.,0.002,-0.26059));
#5380=CARTESIAN_POINT('',(1.,0.002,-0.26059));
#5381=CARTESIAN_POINT('',(1.,-0.002,-0.26059));
#5382=CARTESIAN_POINT('',(1.,0.002,0.31496));
#5383=CARTESIAN_POINT('',(1.,0.002,-0.29059));
#5384=CARTESIAN_POINT('',(1.,-0.0065,-0.29059));
#5385=CARTESIAN_POINT('',(1.,-0.002,-0.29059));
#5386=CARTESIAN_POINT('',(1.,-0.002,0.31496));
#5387=CARTESIAN_POINT('',(1.,-0.0065,0.29059));
#5388=CARTESIAN_POINT('',(1.,0.002,0.29059));
#5389=CARTESIAN_POINT('',(1.,-0.002,0.29059));
#5390=CARTESIAN_POINT('',(1.,0.002,0.31496));
#5391=CARTESIAN_POINT('',(1.,0.002,0.26059));
#5392=CARTESIAN_POINT('',(1.,0.002,0.26059));
#5393=CARTESIAN_POINT('',(1.,-0.002,0.26059));
#5394=CARTESIAN_POINT('',(1.,-0.002,0.31496));
#5395=CARTESIAN_POINT('',(1.,-0.0065,-0.31496));
#5396=CARTESIAN_POINT('',(1.,-0.0065,0.31496));
#5397=CARTESIAN_POINT('',(0.,0.,0.31496));
#5398=CARTESIAN_POINT('',(0.,0.,-0.31496));
#5399=CARTESIAN_POINT('',(1.157,0.002,-0.26059));
#5400=CARTESIAN_POINT('',(1.157,-0.002,-0.26059));
#5401=CARTESIAN_POINT('',(1.157,-0.002,-0.26059));
#5402=CARTESIAN_POINT('',(1.157,-0.002,-0.29059));
#5403=CARTESIAN_POINT('',(1.157,0.002,-0.29059));
#5404=CARTESIAN_POINT('',(1.157,0.002,-0.29059));
#5405=CARTESIAN_POINT('',(1.157,0.002,-0.26059));
#5406=CARTESIAN_POINT('',(1.157,0.002,-0.26059));
#5407=CARTESIAN_POINT('',(1.157,0.002,-0.26059));
#5408=CARTESIAN_POINT('',(0.,0.002,0.));
#5409=CARTESIAN_POINT('',(1.,0.002,-0.26059));
#5410=CARTESIAN_POINT('',(1.157,0.002,-0.29059));
#5411=CARTESIAN_POINT('',(0.,-0.002,0.));
#5412=CARTESIAN_POINT('',(1.,-0.002,-0.26059));
#5413=CARTESIAN_POINT('',(1.157,-0.002,-0.29059));
#5414=CARTESIAN_POINT('',(1.,0.002,-0.26059));
#5415=CARTESIAN_POINT('',(1.157,0.002,-0.29059));
#5416=CARTESIAN_POINT('',(1.157,0.002,-0.22122));
#5417=CARTESIAN_POINT('',(1.157,-0.002,-0.22122));
#5418=CARTESIAN_POINT('',(1.157,-0.002,-0.22122));
#5419=CARTESIAN_POINT('',(1.157,-0.002,-0.25122));
#5420=CARTESIAN_POINT('',(1.157,0.002,-0.25122));
#5421=CARTESIAN_POINT('',(1.157,0.002,-0.25122));
#5422=CARTESIAN_POINT('',(1.157,0.002,-0.22122));
#5423=CARTESIAN_POINT('',(1.157,0.002,-0.22122));
#5424=CARTESIAN_POINT('',(1.157,0.002,-0.22122));
#5425=CARTESIAN_POINT('',(0.,0.002,0.));
#5426=CARTESIAN_POINT('',(1.,0.002,-0.22122));
#5427=CARTESIAN_POINT('',(1.157,0.002,-0.25122));
#5428=CARTESIAN_POINT('',(0.,-0.002,0.));
#5429=CARTESIAN_POINT('',(1.,-0.002,-0.22122));
#5430=CARTESIAN_POINT('',(1.157,-0.002,-0.25122));
#5431=CARTESIAN_POINT('',(1.157,0.002,-0.25122));
#5432=CARTESIAN_POINT('',(1.,0.002,-0.22122));
#5433=CARTESIAN_POINT('',(1.157,0.002,-0.18185));
#5434=CARTESIAN_POINT('',(1.157,-0.002,-0.18185));
#5435=CARTESIAN_POINT('',(1.157,-0.002,-0.18185));
#5436=CARTESIAN_POINT('',(1.157,-0.002,-0.21185));
#5437=CARTESIAN_POINT('',(1.157,0.002,-0.21185));
#5438=CARTESIAN_POINT('',(1.157,0.002,-0.21185));
#5439=CARTESIAN_POINT('',(1.157,0.002,-0.18185));
#5440=CARTESIAN_POINT('',(1.157,0.002,-0.18185));
#5441=CARTESIAN_POINT('',(1.157,0.002,-0.18185));
#5442=CARTESIAN_POINT('',(0.,0.002,0.));
#5443=CARTESIAN_POINT('',(1.,0.002,-0.18185));
#5444=CARTESIAN_POINT('',(1.157,0.002,-0.21185));
#5445=CARTESIAN_POINT('',(0.,-0.002,0.));
#5446=CARTESIAN_POINT('',(1.,-0.002,-0.18185));
#5447=CARTESIAN_POINT('',(1.157,-0.002,-0.21185));
#5448=CARTESIAN_POINT('',(1.157,0.002,-0.21185));
#5449=CARTESIAN_POINT('',(1.,0.002,-0.18185));
#5450=CARTESIAN_POINT('',(1.157,0.002,-0.14248));
#5451=CARTESIAN_POINT('',(1.157,-0.002,-0.14248));
#5452=CARTESIAN_POINT('',(1.157,-0.002,-0.14248));
#5453=CARTESIAN_POINT('',(1.157,-0.002,-0.17248));
#5454=CARTESIAN_POINT('',(1.157,0.002,-0.17248));
#5455=CARTESIAN_POINT('',(1.157,0.002,-0.17248));
#5456=CARTESIAN_POINT('',(1.157,0.002,-0.14248));
#5457=CARTESIAN_POINT('',(1.157,0.002,-0.14248));
#5458=CARTESIAN_POINT('',(1.157,0.002,-0.14248));
#5459=CARTESIAN_POINT('',(0.,0.002,0.));
#5460=CARTESIAN_POINT('',(1.,0.002,-0.14248));
#5461=CARTESIAN_POINT('',(1.157,0.002,-0.17248));
#5462=CARTESIAN_POINT('',(0.,-0.002,0.));
#5463=CARTESIAN_POINT('',(1.,-0.002,-0.14248));
#5464=CARTESIAN_POINT('',(1.157,-0.002,-0.17248));
#5465=CARTESIAN_POINT('',(1.157,0.002,-0.17248));
#5466=CARTESIAN_POINT('',(1.,0.002,-0.14248));
#5467=CARTESIAN_POINT('',(1.157,0.002,-0.10311));
#5468=CARTESIAN_POINT('',(1.157,-0.002,-0.10311));
#5469=CARTESIAN_POINT('',(1.157,-0.002,-0.10311));
#5470=CARTESIAN_POINT('',(1.157,-0.002,-0.13311));
#5471=CARTESIAN_POINT('',(1.157,0.002,-0.13311));
#5472=CARTESIAN_POINT('',(1.157,0.002,-0.13311));
#5473=CARTESIAN_POINT('',(1.157,0.002,-0.10311));
#5474=CARTESIAN_POINT('',(1.157,0.002,-0.10311));
#5475=CARTESIAN_POINT('',(1.157,0.002,-0.10311));
#5476=CARTESIAN_POINT('',(0.,0.002,0.));
#5477=CARTESIAN_POINT('',(1.,0.002,-0.10311));
#5478=CARTESIAN_POINT('',(1.157,0.002,-0.13311));
#5479=CARTESIAN_POINT('',(0.,-0.002,0.));
#5480=CARTESIAN_POINT('',(1.,-0.002,-0.10311));
#5481=CARTESIAN_POINT('',(1.157,-0.002,-0.13311));
#5482=CARTESIAN_POINT('',(1.157,0.002,-0.13311));
#5483=CARTESIAN_POINT('',(1.,0.002,-0.10311));
#5484=CARTESIAN_POINT('',(1.157,0.002,-0.0637400000000001));
#5485=CARTESIAN_POINT('',(1.157,-0.002,-0.0637400000000001));
#5486=CARTESIAN_POINT('',(1.157,-0.002,-0.0637400000000001));
#5487=CARTESIAN_POINT('',(1.157,-0.002,-0.0937400000000001));
#5488=CARTESIAN_POINT('',(1.157,0.002,-0.0937400000000001));
#5489=CARTESIAN_POINT('',(1.157,0.002,-0.0937400000000001));
#5490=CARTESIAN_POINT('',(1.157,0.002,-0.0637400000000001));
#5491=CARTESIAN_POINT('',(1.157,0.002,-0.0637400000000001));
#5492=CARTESIAN_POINT('',(1.157,0.002,-0.0637400000000001));
#5493=CARTESIAN_POINT('',(0.,0.002,0.));
#5494=CARTESIAN_POINT('',(1.,0.002,-0.0637400000000001));
#5495=CARTESIAN_POINT('',(1.157,0.002,-0.0937400000000001));
#5496=CARTESIAN_POINT('',(0.,-0.002,0.));
#5497=CARTESIAN_POINT('',(1.,-0.002,-0.0637400000000001));
#5498=CARTESIAN_POINT('',(1.157,-0.002,-0.0937400000000001));
#5499=CARTESIAN_POINT('',(1.157,0.002,-0.0937400000000001));
#5500=CARTESIAN_POINT('',(1.,0.002,-0.0637400000000001));
#5501=CARTESIAN_POINT('',(1.157,0.002,-0.0243700000000001));
#5502=CARTESIAN_POINT('',(1.157,-0.002,-0.0243700000000001));
#5503=CARTESIAN_POINT('',(1.157,-0.002,-0.0243700000000001));
#5504=CARTESIAN_POINT('',(1.157,-0.002,-0.0543700000000001));
#5505=CARTESIAN_POINT('',(1.157,0.002,-0.0543700000000001));
#5506=CARTESIAN_POINT('',(1.157,0.002,-0.0543700000000001));
#5507=CARTESIAN_POINT('',(1.157,0.002,-0.0243700000000001));
#5508=CARTESIAN_POINT('',(1.157,0.002,-0.0243700000000001));
#5509=CARTESIAN_POINT('',(1.157,0.002,-0.0243700000000001));
#5510=CARTESIAN_POINT('',(0.,0.002,0.));
#5511=CARTESIAN_POINT('',(1.,0.002,-0.0243700000000001));
#5512=CARTESIAN_POINT('',(1.157,0.002,-0.0543700000000001));
#5513=CARTESIAN_POINT('',(0.,-0.002,0.));
#5514=CARTESIAN_POINT('',(1.,-0.002,-0.0243700000000001));
#5515=CARTESIAN_POINT('',(1.157,-0.002,-0.0543700000000001));
#5516=CARTESIAN_POINT('',(1.157,0.002,-0.0543700000000001));
#5517=CARTESIAN_POINT('',(1.,0.002,-0.0243700000000001));
#5518=CARTESIAN_POINT('',(1.157,0.002,0.0149999999999999));
#5519=CARTESIAN_POINT('',(1.157,-0.002,0.0149999999999999));
#5520=CARTESIAN_POINT('',(1.157,-0.002,0.0149999999999999));
#5521=CARTESIAN_POINT('',(1.157,-0.002,-0.0150000000000001));
#5522=CARTESIAN_POINT('',(1.157,0.002,-0.0150000000000001));
#5523=CARTESIAN_POINT('',(1.157,0.002,-0.0150000000000001));
#5524=CARTESIAN_POINT('',(1.157,0.002,0.0149999999999999));
#5525=CARTESIAN_POINT('',(1.157,0.002,0.0149999999999999));
#5526=CARTESIAN_POINT('',(1.157,0.002,0.0149999999999999));
#5527=CARTESIAN_POINT('',(0.,0.002,0.));
#5528=CARTESIAN_POINT('',(1.,0.002,0.0149999999999999));
#5529=CARTESIAN_POINT('',(1.157,0.002,-0.0150000000000001));
#5530=CARTESIAN_POINT('',(0.,-0.002,0.));
#5531=CARTESIAN_POINT('',(1.,-0.002,0.0149999999999999));
#5532=CARTESIAN_POINT('',(1.157,-0.002,-0.0150000000000001));
#5533=CARTESIAN_POINT('',(1.157,0.002,-0.0150000000000001));
#5534=CARTESIAN_POINT('',(1.,0.002,0.0149999999999999));
#5535=CARTESIAN_POINT('',(1.157,0.002,0.0543699999999999));
#5536=CARTESIAN_POINT('',(1.157,-0.002,0.0543699999999999));
#5537=CARTESIAN_POINT('',(1.157,-0.002,0.0543699999999999));
#5538=CARTESIAN_POINT('',(1.157,-0.002,0.0243699999999999));
#5539=CARTESIAN_POINT('',(1.157,0.002,0.0243699999999999));
#5540=CARTESIAN_POINT('',(1.157,0.002,0.0243699999999999));
#5541=CARTESIAN_POINT('',(1.157,0.002,0.0543699999999999));
#5542=CARTESIAN_POINT('',(1.157,0.002,0.0543699999999999));
#5543=CARTESIAN_POINT('',(1.157,0.002,0.0543699999999999));
#5544=CARTESIAN_POINT('',(0.,0.002,0.));
#5545=CARTESIAN_POINT('',(1.,0.002,0.0543699999999999));
#5546=CARTESIAN_POINT('',(1.157,0.002,0.0243699999999999));
#5547=CARTESIAN_POINT('',(0.,-0.002,0.));
#5548=CARTESIAN_POINT('',(1.,-0.002,0.0543699999999999));
#5549=CARTESIAN_POINT('',(1.157,-0.002,0.0243699999999999));
#5550=CARTESIAN_POINT('',(1.157,0.002,0.0243699999999999));
#5551=CARTESIAN_POINT('',(1.,0.002,0.0543699999999999));
#5552=CARTESIAN_POINT('',(1.157,0.002,0.0937399999999999));
#5553=CARTESIAN_POINT('',(1.157,-0.002,0.0937399999999999));
#5554=CARTESIAN_POINT('',(1.157,-0.002,0.0937399999999999));
#5555=CARTESIAN_POINT('',(1.157,-0.002,0.0637399999999999));
#5556=CARTESIAN_POINT('',(1.157,0.002,0.0637399999999999));
#5557=CARTESIAN_POINT('',(1.157,0.002,0.0637399999999999));
#5558=CARTESIAN_POINT('',(1.157,0.002,0.0937399999999999));
#5559=CARTESIAN_POINT('',(1.157,0.002,0.0937399999999999));
#5560=CARTESIAN_POINT('',(1.157,0.002,0.0937399999999999));
#5561=CARTESIAN_POINT('',(0.,0.002,0.));
#5562=CARTESIAN_POINT('',(1.,0.002,0.0937399999999999));
#5563=CARTESIAN_POINT('',(1.157,0.002,0.0637399999999999));
#5564=CARTESIAN_POINT('',(0.,-0.002,0.));
#5565=CARTESIAN_POINT('',(1.,-0.002,0.0937399999999999));
#5566=CARTESIAN_POINT('',(1.157,-0.002,0.0637399999999999));
#5567=CARTESIAN_POINT('',(1.157,0.002,0.0637399999999999));
#5568=CARTESIAN_POINT('',(1.,0.002,0.0937399999999999));
#5569=CARTESIAN_POINT('',(1.157,0.002,0.13311));
#5570=CARTESIAN_POINT('',(1.157,-0.002,0.13311));
#5571=CARTESIAN_POINT('',(1.157,-0.002,0.13311));
#5572=CARTESIAN_POINT('',(1.157,-0.002,0.10311));
#5573=CARTESIAN_POINT('',(1.157,0.002,0.10311));
#5574=CARTESIAN_POINT('',(1.157,0.002,0.10311));
#5575=CARTESIAN_POINT('',(1.157,0.002,0.13311));
#5576=CARTESIAN_POINT('',(1.157,0.002,0.13311));
#5577=CARTESIAN_POINT('',(1.157,0.002,0.13311));
#5578=CARTESIAN_POINT('',(0.,0.002,0.));
#5579=CARTESIAN_POINT('',(1.,0.002,0.13311));
#5580=CARTESIAN_POINT('',(1.157,0.002,0.10311));
#5581=CARTESIAN_POINT('',(0.,-0.002,0.));
#5582=CARTESIAN_POINT('',(1.,-0.002,0.13311));
#5583=CARTESIAN_POINT('',(1.157,-0.002,0.10311));
#5584=CARTESIAN_POINT('',(1.157,0.002,0.10311));
#5585=CARTESIAN_POINT('',(1.,0.002,0.13311));
#5586=CARTESIAN_POINT('',(1.157,0.002,0.17248));
#5587=CARTESIAN_POINT('',(1.157,-0.002,0.17248));
#5588=CARTESIAN_POINT('',(1.157,-0.002,0.17248));
#5589=CARTESIAN_POINT('',(1.157,-0.002,0.14248));
#5590=CARTESIAN_POINT('',(1.157,0.002,0.14248));
#5591=CARTESIAN_POINT('',(1.157,0.002,0.14248));
#5592=CARTESIAN_POINT('',(1.157,0.002,0.17248));
#5593=CARTESIAN_POINT('',(1.157,0.002,0.17248));
#5594=CARTESIAN_POINT('',(1.157,0.002,0.17248));
#5595=CARTESIAN_POINT('',(0.,0.002,0.));
#5596=CARTESIAN_POINT('',(1.,0.002,0.17248));
#5597=CARTESIAN_POINT('',(1.157,0.002,0.14248));
#5598=CARTESIAN_POINT('',(0.,-0.002,0.));
#5599=CARTESIAN_POINT('',(1.,-0.002,0.17248));
#5600=CARTESIAN_POINT('',(1.157,-0.002,0.14248));
#5601=CARTESIAN_POINT('',(1.157,0.002,0.14248));
#5602=CARTESIAN_POINT('',(1.,0.002,0.17248));
#5603=CARTESIAN_POINT('',(1.157,0.002,0.21185));
#5604=CARTESIAN_POINT('',(1.157,-0.002,0.21185));
#5605=CARTESIAN_POINT('',(1.157,-0.002,0.21185));
#5606=CARTESIAN_POINT('',(1.157,-0.002,0.18185));
#5607=CARTESIAN_POINT('',(1.157,0.002,0.18185));
#5608=CARTESIAN_POINT('',(1.157,0.002,0.18185));
#5609=CARTESIAN_POINT('',(1.157,0.002,0.21185));
#5610=CARTESIAN_POINT('',(1.157,0.002,0.21185));
#5611=CARTESIAN_POINT('',(1.157,0.002,0.21185));
#5612=CARTESIAN_POINT('',(0.,0.002,0.));
#5613=CARTESIAN_POINT('',(1.,0.002,0.21185));
#5614=CARTESIAN_POINT('',(1.157,0.002,0.18185));
#5615=CARTESIAN_POINT('',(0.,-0.002,0.));
#5616=CARTESIAN_POINT('',(1.,-0.002,0.21185));
#5617=CARTESIAN_POINT('',(1.157,-0.002,0.18185));
#5618=CARTESIAN_POINT('',(1.157,0.002,0.18185));
#5619=CARTESIAN_POINT('',(1.,0.002,0.21185));
#5620=CARTESIAN_POINT('',(1.157,0.002,0.25122));
#5621=CARTESIAN_POINT('',(1.157,-0.002,0.25122));
#5622=CARTESIAN_POINT('',(1.157,-0.002,0.25122));
#5623=CARTESIAN_POINT('',(1.157,-0.002,0.22122));
#5624=CARTESIAN_POINT('',(1.157,0.002,0.22122));
#5625=CARTESIAN_POINT('',(1.157,0.002,0.22122));
#5626=CARTESIAN_POINT('',(1.157,0.002,0.25122));
#5627=CARTESIAN_POINT('',(1.157,0.002,0.25122));
#5628=CARTESIAN_POINT('',(1.157,0.002,0.25122));
#5629=CARTESIAN_POINT('',(0.,0.002,0.));
#5630=CARTESIAN_POINT('',(1.,0.002,0.25122));
#5631=CARTESIAN_POINT('',(1.157,0.002,0.22122));
#5632=CARTESIAN_POINT('',(0.,-0.002,0.));
#5633=CARTESIAN_POINT('',(1.,-0.002,0.25122));
#5634=CARTESIAN_POINT('',(1.157,-0.002,0.22122));
#5635=CARTESIAN_POINT('',(1.157,0.002,0.22122));
#5636=CARTESIAN_POINT('',(1.,0.002,0.25122));
#5637=CARTESIAN_POINT('',(0.9,0.002,0.29059));
#5638=CARTESIAN_POINT('',(0.9,0.002,0.29059));
#5639=CARTESIAN_POINT('',(1.157,0.002,0.29059));
#5640=CARTESIAN_POINT('',(0.9,-0.002,0.29059));
#5641=CARTESIAN_POINT('',(1.157,-0.002,0.29059));
#5642=CARTESIAN_POINT('',(1.157,0.002,0.29059));
#5643=CARTESIAN_POINT('',(0.,0.002,0.));
#5644=CARTESIAN_POINT('',(1.157,0.002,0.29059));
#5645=CARTESIAN_POINT('',(1.157,0.002,0.26059));
#5646=CARTESIAN_POINT('',(1.157,0.002,0.26059));
#5647=CARTESIAN_POINT('',(0.,-0.002,0.));
#5648=CARTESIAN_POINT('',(1.157,-0.002,0.26059));
#5649=CARTESIAN_POINT('',(1.157,-0.002,0.26059));
#5650=CARTESIAN_POINT('',(1.157,-0.002,0.29059));
#5651=CARTESIAN_POINT('',(1.157,0.002,0.29059));
#5652=CARTESIAN_POINT('',(1.157,0.002,0.26059));
#5653=CARTESIAN_POINT('',(1.157,0.002,0.26059));
#5654=CARTESIAN_POINT('',(-1.157,0.002,0.26059));
#5655=CARTESIAN_POINT('',(-1.157,-0.002,0.26059));
#5656=CARTESIAN_POINT('',(-1.157,-0.002,0.26059));
#5657=CARTESIAN_POINT('',(-1.157,-0.002,0.29059));
#5658=CARTESIAN_POINT('',(-1.157,0.002,0.29059));
#5659=CARTESIAN_POINT('',(-1.157,0.002,0.29059));
#5660=CARTESIAN_POINT('',(-1.157,0.002,0.26059));
#5661=CARTESIAN_POINT('',(-1.157,0.002,0.26059));
#5662=CARTESIAN_POINT('',(-1.157,0.002,0.26059));
#5663=CARTESIAN_POINT('',(0.,0.002,0.));
#5664=CARTESIAN_POINT('',(-1.,0.002,0.26059));
#5665=CARTESIAN_POINT('',(-1.157,0.002,0.29059));
#5666=CARTESIAN_POINT('',(0.,-0.002,0.));
#5667=CARTESIAN_POINT('',(-1.,-0.002,0.26059));
#5668=CARTESIAN_POINT('',(-1.157,-0.002,0.29059));
#5669=CARTESIAN_POINT('',(-1.157,0.002,0.29059));
#5670=CARTESIAN_POINT('',(-1.,0.002,0.26059));
#5671=CARTESIAN_POINT('',(-1.157,0.002,0.22122));
#5672=CARTESIAN_POINT('',(-1.157,-0.002,0.22122));
#5673=CARTESIAN_POINT('',(-1.157,-0.002,0.22122));
#5674=CARTESIAN_POINT('',(-1.157,-0.002,0.25122));
#5675=CARTESIAN_POINT('',(-1.157,0.002,0.25122));
#5676=CARTESIAN_POINT('',(-1.157,0.002,0.25122));
#5677=CARTESIAN_POINT('',(-1.157,0.002,0.22122));
#5678=CARTESIAN_POINT('',(-1.157,0.002,0.22122));
#5679=CARTESIAN_POINT('',(-1.157,0.002,0.22122));
#5680=CARTESIAN_POINT('',(0.,0.002,0.));
#5681=CARTESIAN_POINT('',(-1.,0.002,0.22122));
#5682=CARTESIAN_POINT('',(-1.157,0.002,0.25122));
#5683=CARTESIAN_POINT('',(0.,-0.002,0.));
#5684=CARTESIAN_POINT('',(-1.,-0.002,0.22122));
#5685=CARTESIAN_POINT('',(-1.157,-0.002,0.25122));
#5686=CARTESIAN_POINT('',(-1.157,0.002,0.25122));
#5687=CARTESIAN_POINT('',(-1.,0.002,0.22122));
#5688=CARTESIAN_POINT('',(-1.157,0.002,0.18185));
#5689=CARTESIAN_POINT('',(-1.157,-0.002,0.18185));
#5690=CARTESIAN_POINT('',(-1.157,-0.002,0.18185));
#5691=CARTESIAN_POINT('',(-1.157,-0.002,0.21185));
#5692=CARTESIAN_POINT('',(-1.157,0.002,0.21185));
#5693=CARTESIAN_POINT('',(-1.157,0.002,0.21185));
#5694=CARTESIAN_POINT('',(-1.157,0.002,0.18185));
#5695=CARTESIAN_POINT('',(-1.157,0.002,0.18185));
#5696=CARTESIAN_POINT('',(-1.157,0.002,0.18185));
#5697=CARTESIAN_POINT('',(0.,0.002,0.));
#5698=CARTESIAN_POINT('',(-1.,0.002,0.18185));
#5699=CARTESIAN_POINT('',(-1.157,0.002,0.21185));
#5700=CARTESIAN_POINT('',(0.,-0.002,0.));
#5701=CARTESIAN_POINT('',(-1.,-0.002,0.18185));
#5702=CARTESIAN_POINT('',(-1.157,-0.002,0.21185));
#5703=CARTESIAN_POINT('',(-1.157,0.002,0.21185));
#5704=CARTESIAN_POINT('',(-1.,0.002,0.18185));
#5705=CARTESIAN_POINT('',(-1.157,0.002,0.14248));
#5706=CARTESIAN_POINT('',(-1.157,-0.002,0.14248));
#5707=CARTESIAN_POINT('',(-1.157,-0.002,0.14248));
#5708=CARTESIAN_POINT('',(-1.157,-0.002,0.17248));
#5709=CARTESIAN_POINT('',(-1.157,0.002,0.17248));
#5710=CARTESIAN_POINT('',(-1.157,0.002,0.17248));
#5711=CARTESIAN_POINT('',(-1.157,0.002,0.14248));
#5712=CARTESIAN_POINT('',(-1.157,0.002,0.14248));
#5713=CARTESIAN_POINT('',(-1.157,0.002,0.14248));
#5714=CARTESIAN_POINT('',(0.,0.002,0.));
#5715=CARTESIAN_POINT('',(-1.,0.002,0.14248));
#5716=CARTESIAN_POINT('',(-1.157,0.002,0.17248));
#5717=CARTESIAN_POINT('',(0.,-0.002,0.));
#5718=CARTESIAN_POINT('',(-1.,-0.002,0.14248));
#5719=CARTESIAN_POINT('',(-1.157,-0.002,0.17248));
#5720=CARTESIAN_POINT('',(-1.157,0.002,0.17248));
#5721=CARTESIAN_POINT('',(-1.,0.002,0.14248));
#5722=CARTESIAN_POINT('',(-1.157,0.002,0.10311));
#5723=CARTESIAN_POINT('',(-1.157,-0.002,0.10311));
#5724=CARTESIAN_POINT('',(-1.157,-0.002,0.10311));
#5725=CARTESIAN_POINT('',(-1.157,-0.002,0.13311));
#5726=CARTESIAN_POINT('',(-1.157,0.002,0.13311));
#5727=CARTESIAN_POINT('',(-1.157,0.002,0.13311));
#5728=CARTESIAN_POINT('',(-1.157,0.002,0.10311));
#5729=CARTESIAN_POINT('',(-1.157,0.002,0.10311));
#5730=CARTESIAN_POINT('',(-1.157,0.002,0.10311));
#5731=CARTESIAN_POINT('',(0.,0.002,0.));
#5732=CARTESIAN_POINT('',(-1.,0.002,0.10311));
#5733=CARTESIAN_POINT('',(-1.157,0.002,0.13311));
#5734=CARTESIAN_POINT('',(0.,-0.002,0.));
#5735=CARTESIAN_POINT('',(-1.,-0.002,0.10311));
#5736=CARTESIAN_POINT('',(-1.157,-0.002,0.13311));
#5737=CARTESIAN_POINT('',(-1.157,0.002,0.13311));
#5738=CARTESIAN_POINT('',(-1.,0.002,0.10311));
#5739=CARTESIAN_POINT('',(-1.157,0.002,0.0637399999999999));
#5740=CARTESIAN_POINT('',(-1.157,-0.002,0.0637399999999999));
#5741=CARTESIAN_POINT('',(-1.157,-0.002,0.0637399999999999));
#5742=CARTESIAN_POINT('',(-1.157,-0.002,0.0937399999999999));
#5743=CARTESIAN_POINT('',(-1.157,0.002,0.0937399999999999));
#5744=CARTESIAN_POINT('',(-1.157,0.002,0.0937399999999999));
#5745=CARTESIAN_POINT('',(-1.157,0.002,0.0637399999999999));
#5746=CARTESIAN_POINT('',(-1.157,0.002,0.0637399999999999));
#5747=CARTESIAN_POINT('',(-1.157,0.002,0.0637399999999999));
#5748=CARTESIAN_POINT('',(0.,0.002,0.));
#5749=CARTESIAN_POINT('',(-1.,0.002,0.0637399999999999));
#5750=CARTESIAN_POINT('',(-1.157,0.002,0.0937399999999999));
#5751=CARTESIAN_POINT('',(0.,-0.002,0.));
#5752=CARTESIAN_POINT('',(-1.,-0.002,0.0637399999999999));
#5753=CARTESIAN_POINT('',(-1.157,-0.002,0.0937399999999999));
#5754=CARTESIAN_POINT('',(-1.157,0.002,0.0937399999999999));
#5755=CARTESIAN_POINT('',(-1.,0.002,0.0637399999999999));
#5756=CARTESIAN_POINT('',(-1.157,0.002,0.0243699999999999));
#5757=CARTESIAN_POINT('',(-1.157,-0.002,0.0243699999999999));
#5758=CARTESIAN_POINT('',(-1.157,-0.002,0.0243699999999999));
#5759=CARTESIAN_POINT('',(-1.157,-0.002,0.0543699999999999));
#5760=CARTESIAN_POINT('',(-1.157,0.002,0.0543699999999999));
#5761=CARTESIAN_POINT('',(-1.157,0.002,0.0543699999999999));
#5762=CARTESIAN_POINT('',(-1.157,0.002,0.0243699999999999));
#5763=CARTESIAN_POINT('',(-1.157,0.002,0.0243699999999999));
#5764=CARTESIAN_POINT('',(-1.157,0.002,0.0243699999999999));
#5765=CARTESIAN_POINT('',(0.,0.002,0.));
#5766=CARTESIAN_POINT('',(-1.,0.002,0.0243699999999999));
#5767=CARTESIAN_POINT('',(-1.157,0.002,0.0543699999999999));
#5768=CARTESIAN_POINT('',(0.,-0.002,0.));
#5769=CARTESIAN_POINT('',(-1.,-0.002,0.0243699999999999));
#5770=CARTESIAN_POINT('',(-1.157,-0.002,0.0543699999999999));
#5771=CARTESIAN_POINT('',(-1.157,0.002,0.0543699999999999));
#5772=CARTESIAN_POINT('',(-1.,0.002,0.0243699999999999));
#5773=CARTESIAN_POINT('',(-1.157,0.002,-0.0150000000000002));
#5774=CARTESIAN_POINT('',(-1.157,-0.002,-0.0150000000000002));
#5775=CARTESIAN_POINT('',(-1.157,-0.002,-0.0150000000000002));
#5776=CARTESIAN_POINT('',(-1.157,-0.002,0.0149999999999999));
#5777=CARTESIAN_POINT('',(-1.157,0.002,0.0149999999999999));
#5778=CARTESIAN_POINT('',(-1.157,0.002,0.0149999999999999));
#5779=CARTESIAN_POINT('',(-1.157,0.002,-0.0150000000000002));
#5780=CARTESIAN_POINT('',(-1.157,0.002,-0.0150000000000002));
#5781=CARTESIAN_POINT('',(-1.157,0.002,-0.0150000000000002));
#5782=CARTESIAN_POINT('',(0.,0.002,0.));
#5783=CARTESIAN_POINT('',(-1.,0.002,-0.0150000000000002));
#5784=CARTESIAN_POINT('',(-1.157,0.002,0.0149999999999999));
#5785=CARTESIAN_POINT('',(0.,-0.002,0.));
#5786=CARTESIAN_POINT('',(-1.,-0.002,-0.0150000000000002));
#5787=CARTESIAN_POINT('',(-1.157,-0.002,0.0149999999999999));
#5788=CARTESIAN_POINT('',(-1.157,0.002,0.0149999999999999));
#5789=CARTESIAN_POINT('',(-1.,0.002,-0.0150000000000002));
#5790=CARTESIAN_POINT('',(-1.157,0.002,-0.05437));
#5791=CARTESIAN_POINT('',(-1.157,-0.002,-0.05437));
#5792=CARTESIAN_POINT('',(-1.157,-0.002,-0.05437));
#5793=CARTESIAN_POINT('',(-1.157,-0.002,-0.0243699999999999));
#5794=CARTESIAN_POINT('',(-1.157,0.002,-0.0243699999999999));
#5795=CARTESIAN_POINT('',(-1.157,0.002,-0.0243699999999999));
#5796=CARTESIAN_POINT('',(-1.157,0.002,-0.05437));
#5797=CARTESIAN_POINT('',(-1.157,0.002,-0.05437));
#5798=CARTESIAN_POINT('',(-1.157,0.002,-0.05437));
#5799=CARTESIAN_POINT('',(0.,0.002,0.));
#5800=CARTESIAN_POINT('',(-1.,0.002,-0.05437));
#5801=CARTESIAN_POINT('',(-1.157,0.002,-0.0243699999999999));
#5802=CARTESIAN_POINT('',(0.,-0.002,0.));
#5803=CARTESIAN_POINT('',(-1.,-0.002,-0.05437));
#5804=CARTESIAN_POINT('',(-1.157,-0.002,-0.0243699999999999));
#5805=CARTESIAN_POINT('',(-1.157,0.002,-0.0243699999999999));
#5806=CARTESIAN_POINT('',(-1.,0.002,-0.05437));
#5807=CARTESIAN_POINT('',(-1.157,0.002,-0.0937400000000002));
#5808=CARTESIAN_POINT('',(-1.157,-0.002,-0.0937400000000002));
#5809=CARTESIAN_POINT('',(-1.157,-0.002,-0.0937400000000002));
#5810=CARTESIAN_POINT('',(-1.157,-0.002,-0.0637400000000002));
#5811=CARTESIAN_POINT('',(-1.157,0.002,-0.0637400000000002));
#5812=CARTESIAN_POINT('',(-1.157,0.002,-0.0637400000000002));
#5813=CARTESIAN_POINT('',(-1.157,0.002,-0.0937400000000002));
#5814=CARTESIAN_POINT('',(-1.157,0.002,-0.0937400000000002));
#5815=CARTESIAN_POINT('',(-1.157,0.002,-0.0937400000000002));
#5816=CARTESIAN_POINT('',(0.,0.002,0.));
#5817=CARTESIAN_POINT('',(-1.,0.002,-0.0937400000000002));
#5818=CARTESIAN_POINT('',(-1.157,0.002,-0.0637400000000002));
#5819=CARTESIAN_POINT('',(0.,-0.002,0.));
#5820=CARTESIAN_POINT('',(-1.,-0.002,-0.0937400000000002));
#5821=CARTESIAN_POINT('',(-1.157,-0.002,-0.0637400000000002));
#5822=CARTESIAN_POINT('',(-1.157,0.002,-0.0637400000000002));
#5823=CARTESIAN_POINT('',(-1.,0.002,-0.0937400000000002));
#5824=CARTESIAN_POINT('',(-1.157,0.002,-0.13311));
#5825=CARTESIAN_POINT('',(-1.157,-0.002,-0.13311));
#5826=CARTESIAN_POINT('',(-1.157,-0.002,-0.13311));
#5827=CARTESIAN_POINT('',(-1.157,-0.002,-0.10311));
#5828=CARTESIAN_POINT('',(-1.157,0.002,-0.10311));
#5829=CARTESIAN_POINT('',(-1.157,0.002,-0.10311));
#5830=CARTESIAN_POINT('',(-1.157,0.002,-0.13311));
#5831=CARTESIAN_POINT('',(-1.157,0.002,-0.13311));
#5832=CARTESIAN_POINT('',(-1.157,0.002,-0.13311));
#5833=CARTESIAN_POINT('',(0.,0.002,0.));
#5834=CARTESIAN_POINT('',(-1.,0.002,-0.13311));
#5835=CARTESIAN_POINT('',(-1.157,0.002,-0.10311));
#5836=CARTESIAN_POINT('',(0.,-0.002,0.));
#5837=CARTESIAN_POINT('',(-1.,-0.002,-0.13311));
#5838=CARTESIAN_POINT('',(-1.157,-0.002,-0.10311));
#5839=CARTESIAN_POINT('',(-1.157,0.002,-0.10311));
#5840=CARTESIAN_POINT('',(-1.,0.002,-0.13311));
#5841=CARTESIAN_POINT('',(-1.157,0.002,-0.17248));
#5842=CARTESIAN_POINT('',(-1.157,-0.002,-0.17248));
#5843=CARTESIAN_POINT('',(-1.157,-0.002,-0.17248));
#5844=CARTESIAN_POINT('',(-1.157,-0.002,-0.14248));
#5845=CARTESIAN_POINT('',(-1.157,0.002,-0.14248));
#5846=CARTESIAN_POINT('',(-1.157,0.002,-0.14248));
#5847=CARTESIAN_POINT('',(-1.157,0.002,-0.17248));
#5848=CARTESIAN_POINT('',(-1.157,0.002,-0.17248));
#5849=CARTESIAN_POINT('',(-1.157,0.002,-0.17248));
#5850=CARTESIAN_POINT('',(0.,0.002,0.));
#5851=CARTESIAN_POINT('',(-1.,0.002,-0.17248));
#5852=CARTESIAN_POINT('',(-1.157,0.002,-0.14248));
#5853=CARTESIAN_POINT('',(0.,-0.002,0.));
#5854=CARTESIAN_POINT('',(-1.,-0.002,-0.17248));
#5855=CARTESIAN_POINT('',(-1.157,-0.002,-0.14248));
#5856=CARTESIAN_POINT('',(-1.157,0.002,-0.14248));
#5857=CARTESIAN_POINT('',(-1.,0.002,-0.17248));
#5858=CARTESIAN_POINT('',(-1.157,0.002,-0.21185));
#5859=CARTESIAN_POINT('',(-1.157,-0.002,-0.21185));
#5860=CARTESIAN_POINT('',(-1.157,-0.002,-0.21185));
#5861=CARTESIAN_POINT('',(-1.157,-0.002,-0.18185));
#5862=CARTESIAN_POINT('',(-1.157,0.002,-0.18185));
#5863=CARTESIAN_POINT('',(-1.157,0.002,-0.18185));
#5864=CARTESIAN_POINT('',(-1.157,0.002,-0.21185));
#5865=CARTESIAN_POINT('',(-1.157,0.002,-0.21185));
#5866=CARTESIAN_POINT('',(-1.157,0.002,-0.21185));
#5867=CARTESIAN_POINT('',(0.,0.002,0.));
#5868=CARTESIAN_POINT('',(-1.,0.002,-0.21185));
#5869=CARTESIAN_POINT('',(-1.157,0.002,-0.18185));
#5870=CARTESIAN_POINT('',(0.,-0.002,0.));
#5871=CARTESIAN_POINT('',(-1.,-0.002,-0.21185));
#5872=CARTESIAN_POINT('',(-1.157,-0.002,-0.18185));
#5873=CARTESIAN_POINT('',(-1.157,0.002,-0.18185));
#5874=CARTESIAN_POINT('',(-1.,0.002,-0.21185));
#5875=CARTESIAN_POINT('',(-1.157,0.002,-0.25122));
#5876=CARTESIAN_POINT('',(-1.157,-0.002,-0.25122));
#5877=CARTESIAN_POINT('',(-1.157,-0.002,-0.25122));
#5878=CARTESIAN_POINT('',(-1.157,-0.002,-0.22122));
#5879=CARTESIAN_POINT('',(-1.157,0.002,-0.22122));
#5880=CARTESIAN_POINT('',(-1.157,0.002,-0.22122));
#5881=CARTESIAN_POINT('',(-1.157,0.002,-0.25122));
#5882=CARTESIAN_POINT('',(-1.157,0.002,-0.25122));
#5883=CARTESIAN_POINT('',(-1.157,0.002,-0.25122));
#5884=CARTESIAN_POINT('',(0.,0.002,0.));
#5885=CARTESIAN_POINT('',(-1.,0.002,-0.25122));
#5886=CARTESIAN_POINT('',(-1.157,0.002,-0.22122));
#5887=CARTESIAN_POINT('',(0.,-0.002,0.));
#5888=CARTESIAN_POINT('',(-1.,-0.002,-0.25122));
#5889=CARTESIAN_POINT('',(-1.157,-0.002,-0.22122));
#5890=CARTESIAN_POINT('',(-1.157,0.002,-0.22122));
#5891=CARTESIAN_POINT('',(-1.,0.002,-0.25122));
#5892=CARTESIAN_POINT('',(-0.9,0.002,-0.29059));
#5893=CARTESIAN_POINT('',(-0.9,0.002,-0.29059));
#5894=CARTESIAN_POINT('',(-1.157,0.002,-0.29059));
#5895=CARTESIAN_POINT('',(-0.9,-0.002,-0.29059));
#5896=CARTESIAN_POINT('',(-1.157,-0.002,-0.29059));
#5897=CARTESIAN_POINT('',(-1.157,0.002,-0.29059));
#5898=CARTESIAN_POINT('',(0.,0.002,0.));
#5899=CARTESIAN_POINT('',(-1.157,0.002,-0.29059));
#5900=CARTESIAN_POINT('',(-1.157,0.002,-0.26059));
#5901=CARTESIAN_POINT('',(-1.157,0.002,-0.26059));
#5902=CARTESIAN_POINT('',(0.,-0.002,0.));
#5903=CARTESIAN_POINT('',(-1.157,-0.002,-0.26059));
#5904=CARTESIAN_POINT('',(-1.157,-0.002,-0.26059));
#5905=CARTESIAN_POINT('',(-1.157,-0.002,-0.29059));
#5906=CARTESIAN_POINT('',(-1.157,0.002,-0.29059));
#5907=CARTESIAN_POINT('',(-1.157,0.002,-0.26059));
#5908=CARTESIAN_POINT('',(-1.157,0.002,-0.26059));
#5909=CARTESIAN_POINT('',(0.,0.,0.));
#5910=CARTESIAN_POINT('',(0.227602744185227,0.0045,0.31496));
#5911=CARTESIAN_POINT('',(0.269454123491352,0.0045,-0.31622892391434));
#5912=CARTESIAN_POINT('',(0.364,0.0045,-0.30996));
#5913=CARTESIAN_POINT('',(0.288591622262021,0.0045,-0.31496));
#5914=CARTESIAN_POINT('',(0.364,0.0045,0.31496));
#5915=CARTESIAN_POINT('',(0.364,0.0045,0.30996));
#5916=CARTESIAN_POINT('',(0.227869704246897,0.0045,0.318986205034281));
#5917=CARTESIAN_POINT('',(0.288591622262021,0.0045,0.31496));
#5918=CARTESIAN_POINT('',(0.227602744185227,0.0045,0.31496));
#5919=CARTESIAN_POINT('',(0.227602744185227,0.0045,0.31496));
#5920=CARTESIAN_POINT('',(0.227602744185227,0.0045,0.31496));
#5921=CARTESIAN_POINT('',(0.227602744185227,0.0045,-0.31496));
#5922=CARTESIAN_POINT('',(0.227602744185227,0.0045,-0.31496));
#5923=CARTESIAN_POINT('',(0.364,0.0045,0.31496));
#5924=CARTESIAN_POINT('',(0.364,0.157,-0.30996));
#5925=CARTESIAN_POINT('',(0.364,0.0125,-0.30996));
#5926=CARTESIAN_POINT('',(0.364,0.0125,0.31496));
#5927=CARTESIAN_POINT('',(0.364,0.0125,0.30996));
#5928=CARTESIAN_POINT('',(0.364,0.157,0.30996));
#5929=CARTESIAN_POINT('',(0.364,0.0125,0.31496));
#5930=CARTESIAN_POINT('',(0.405254342256547,0.0125,-0.307224604842721));
#5931=CARTESIAN_POINT('',(0.288591622262021,0.0125,-0.31496));
#5932=CARTESIAN_POINT('',(0.364,0.0125,-0.31496));
#5933=CARTESIAN_POINT('',(0.228094466372331,0.0125,-0.31496));
#5934=CARTESIAN_POINT('',(0.228094466372331,0.0125,0.31496));
#5935=CARTESIAN_POINT('',(0.228094466372331,0.0125,0.31496));
#5936=CARTESIAN_POINT('',(0.364,0.0125,0.31496));
#5937=CARTESIAN_POINT('',(0.288591622262021,0.0125,0.31496));
#5938=CARTESIAN_POINT('',(0.363669923012093,0.0125,0.309981885962661));
#5939=CARTESIAN_POINT('',(0.208101153438688,0.0120000000000003,0.31496));
#5940=CARTESIAN_POINT('',(0.288591622262021,0.0120000000000003,0.31496));
#5941=CARTESIAN_POINT('',(0.228094466372331,0.000499999999999579,0.31496));
#5942=CARTESIAN_POINT('',(0.225188054708315,0.0121427132249864,0.31496));
#5943=CARTESIAN_POINT('',(0.225188054708315,0.0121427132249864,0.31496));
#5944=CARTESIAN_POINT('',(0.208592875625792,0.008,0.31496));
#5945=CARTESIAN_POINT('',(0.208592875625792,0.008,0.31496));
#5946=CARTESIAN_POINT('',(0.109,0.008,0.31496));
#5947=CARTESIAN_POINT('',(0.109,0.008,0.31496));
#5948=CARTESIAN_POINT('',(0.109,0.,0.31496));
#5949=CARTESIAN_POINT('',(0.109,0.,0.31496));
#5950=CARTESIAN_POINT('',(0.208101153438688,0.,0.31496));
#5951=CARTESIAN_POINT('',(0.208101153438688,0.0120000000000003,0.31496));
#5952=CARTESIAN_POINT('',(0.211007565102704,0.000357286775013594,0.31496));
#5953=CARTESIAN_POINT('',(0.211007565102704,0.000357286775013591,0.31496));
#5954=CARTESIAN_POINT('',(0.208101153438688,0.0120000000000003,-0.31496));
#5955=CARTESIAN_POINT('',(0.288591622262021,0.0120000000000003,-0.31496));
#5956=CARTESIAN_POINT('',(0.211007565102704,0.000357286775013591,-0.31496));
#5957=CARTESIAN_POINT('',(0.211007565102704,0.000357286775013594,-0.31496));
#5958=CARTESIAN_POINT('',(0.208101153438688,0.0120000000000003,-0.31496));
#5959=CARTESIAN_POINT('',(0.208101153438688,0.,-0.31496));
#5960=CARTESIAN_POINT('',(0.109,0.,-0.31496));
#5961=CARTESIAN_POINT('',(0.109,0.,-0.31496));
#5962=CARTESIAN_POINT('',(0.109,0.008,-0.31496));
#5963=CARTESIAN_POINT('',(0.109,0.008,-0.31496));
#5964=CARTESIAN_POINT('',(0.208592875625792,0.008,-0.31496));
#5965=CARTESIAN_POINT('',(0.208592875625792,0.008,-0.31496));
#5966=CARTESIAN_POINT('',(0.225188054708315,0.0121427132249864,-0.31496));
#5967=CARTESIAN_POINT('',(0.225188054708315,0.0121427132249864,-0.31496));
#5968=CARTESIAN_POINT('',(0.228094466372331,0.000499999999999579,-0.31496));
#5969=CARTESIAN_POINT('',(0.208592875625792,0.008,0.31496));
#5970=CARTESIAN_POINT('',(0.109,0.008,0.31496));
#5971=CARTESIAN_POINT('',(0.208592875625792,0.008,0.31496));
#5972=CARTESIAN_POINT('',(0.109,0.008,0.31496));
#5973=CARTESIAN_POINT('',(0.109,0.,0.31496));
#5974=CARTESIAN_POINT('',(0.109,0.,0.31496));
#5975=CARTESIAN_POINT('',(0.208101153438688,0.,0.31496));
#5976=CARTESIAN_POINT('',(0.208101153438688,0.0120000000000003,0.31496));
#5977=CARTESIAN_POINT('',(0.211007565102704,0.000357286775013594,0.31496));
#5978=CARTESIAN_POINT('',(0.211007565102704,0.000357286775013591,0.31496));
#5979=CARTESIAN_POINT('',(0.228094466372331,0.000499999999999579,0.31496));
#5980=CARTESIAN_POINT('',(0.225188054708315,0.0121427132249864,0.31496));
#5981=CARTESIAN_POINT('',(0.225188054708315,0.0121427132249864,0.31496));
#5982=CARTESIAN_POINT('',(0.288591622262021,0.157,-0.31496));
#5983=CARTESIAN_POINT('',(0.364,0.157,0.30996));
#5984=CARTESIAN_POINT('',(-0.793,-0.0145,1.33486501107061E-17));
#5985=CARTESIAN_POINT('',(0.793,-0.0145,0.));
#5986=MECHANICAL_DESIGN_GEOMETRIC_PRESENTATION_REPRESENTATION('',(#2912,
#2913,#2914,#2915,#2916,#2917,#2918,#2919,#2920,#2921,#2922,#2923,#2924,
#2925,#2926,#2927,#2928,#2929,#2930,#2931,#2932,#2933,#2934,#2935,#2936,
#2937,#2938,#2939,#2940,#2941,#2942,#2943,#2944,#2945,#2946,#2947,#2948,
#2949,#2950,#2951,#2952,#2953,#2954,#2955,#2956,#2957,#2958,#2959,#2960,
#2961,#2962,#2963,#2964,#2965,#2966,#2967,#2968,#2969,#2970,#2971,#2972,
#2973,#2974,#2975,#2976,#2977,#2978,#2979,#2980,#2981,#2982,#2983,#2984,
#2985,#2986,#2987,#2988,#2989,#2990,#2991,#2992,#2993,#2994,#2995,#2996,
#2997,#2998,#2999,#3000,#3001,#3002,#3003,#3004,#3005,#3006,#3007,#3008,
#3009,#3010,#3011,#3012,#3013,#3014,#3015,#3016,#3017,#3018,#3019,#3020,
#3021,#3022,#3023,#3024,#3025,#3026,#3027,#3028,#3029,#3030,#3031,#3032,
#3033,#3034,#3035,#3036,#3037,#3038,#3039,#3040,#3041,#3042,#3043,#3044,
#3045,#3046,#3047,#3048,#3049,#3050,#3051,#3052,#3053,#3054,#3055,#3056,
#3057,#3058,#3059,#3060,#3061,#3062,#3063,#3064,#3065,#3066,#3067,#3068),
#5987);
#5987=(
GEOMETRIC_REPRESENTATION_CONTEXT(3)
GLOBAL_UNCERTAINTY_ASSIGNED_CONTEXT((#5990))
GLOBAL_UNIT_ASSIGNED_CONTEXT((#5995,#5994,#5993))
REPRESENTATION_CONTEXT('FJ-15-D-02.00-4','TOP_LEVEL_ASSEMBLY_PART')
);
#5988=(
GEOMETRIC_REPRESENTATION_CONTEXT(3)
GLOBAL_UNCERTAINTY_ASSIGNED_CONTEXT((#5991))
GLOBAL_UNIT_ASSIGNED_CONTEXT((#5995,#5994,#5993))
REPRESENTATION_CONTEXT('FJ-15-D-02.00-4_cable','COMPONENT_PART')
);
#5989=(
GEOMETRIC_REPRESENTATION_CONTEXT(3)
GLOBAL_UNCERTAINTY_ASSIGNED_CONTEXT((#5992))
GLOBAL_UNIT_ASSIGNED_CONTEXT((#5995,#5994,#5993))
REPRESENTATION_CONTEXT('FJ-15-4_strip','COMPONENT_PART')
);
#5990=UNCERTAINTY_MEASURE_WITH_UNIT(LENGTH_MEASURE(0.000196850393700787),
#5995,'DISTANCE_ACCURACY_VALUE','Maximum Tolerance applied to model');
#5991=UNCERTAINTY_MEASURE_WITH_UNIT(LENGTH_MEASURE(0.000196850393700787),
#5995,'DISTANCE_ACCURACY_VALUE','Maximum Tolerance applied to model');
#5992=UNCERTAINTY_MEASURE_WITH_UNIT(LENGTH_MEASURE(0.000196850393700787),
#5995,'DISTANCE_ACCURACY_VALUE','Maximum Tolerance applied to model');
#5993=(
NAMED_UNIT(*)
SI_UNIT($,.STERADIAN.)
SOLID_ANGLE_UNIT()
);
#5994=(
NAMED_UNIT(*)
PLANE_ANGLE_UNIT()
SI_UNIT($,.RADIAN.)
);
#5995=(
CONVERSION_BASED_UNIT('INCH',#5997)
LENGTH_UNIT()
NAMED_UNIT(#5996)
);
#5996=DIMENSIONAL_EXPONENTS(1.,0.,0.,0.,0.,0.,0.);
#5997=LENGTH_MEASURE_WITH_UNIT(LENGTH_MEASURE(25.4),#5998);
#5998=(
LENGTH_UNIT()
NAMED_UNIT(*)
SI_UNIT(.MILLI.,.METRE.)
);
#5999=PRODUCT_DEFINITION_SHAPE('','',#6005);
#6000=PRODUCT_DEFINITION_SHAPE('','',#6006);
#6001=PRODUCT_DEFINITION_SHAPE(' ','NAUO PRDDFN',#27);
#6002=PRODUCT_DEFINITION_SHAPE('','',#6007);
#6003=PRODUCT_DEFINITION_SHAPE(' ','NAUO PRDDFN',#28);
#6004=PRODUCT_DEFINITION_SHAPE(' ','NAUO PRDDFN',#29);
#6005=PRODUCT_DEFINITION('','',#6011,#6008);
#6006=PRODUCT_DEFINITION('','',#6012,#6009);
#6007=PRODUCT_DEFINITION('','',#6013,#6010);
#6008=PRODUCT_DEFINITION_CONTEXT('',#6027,'design');
#6009=PRODUCT_DEFINITION_CONTEXT('',#6027,'design');
#6010=PRODUCT_DEFINITION_CONTEXT('',#6027,'design');
#6011=PRODUCT_DEFINITION_FORMATION_WITH_SPECIFIED_SOURCE('','',#6017,
 .NOT_KNOWN.);
#6012=PRODUCT_DEFINITION_FORMATION_WITH_SPECIFIED_SOURCE('','',#6018,
 .NOT_KNOWN.);
#6013=PRODUCT_DEFINITION_FORMATION_WITH_SPECIFIED_SOURCE('','',#6019,
 .NOT_KNOWN.);
#6014=PRODUCT_RELATED_PRODUCT_CATEGORY('','',(#6017));
#6015=PRODUCT_RELATED_PRODUCT_CATEGORY('','',(#6018));
#6016=PRODUCT_RELATED_PRODUCT_CATEGORY('','',(#6019));
#6017=PRODUCT('FJ-15-D-02.00-4','FJ-15-D-02.00-4','FJ-15-D-02.00-4',(#6023));
#6018=PRODUCT('FJ-15-D-02.00-4_cable','FJ-15-D-02.00-4_cable',
'FJ-15-D-02.00-4_cable',(#6024));
#6019=PRODUCT('FJ-15-4_strip','FJ-15-4_strip','FJ-15-4_strip',(#6025));
#6020=PRODUCT_CATEGORY('','');
#6021=PRODUCT_CATEGORY('','');
#6022=PRODUCT_CATEGORY('','');
#6023=PRODUCT_CONTEXT('',#6027,'mechanical');
#6024=PRODUCT_CONTEXT('',#6027,'mechanical');
#6025=PRODUCT_CONTEXT('',#6027,'mechanical');
#6026=APPLICATION_PROTOCOL_DEFINITION('international standard',
'automotive_design',2010,#6027);
#6027=APPLICATION_CONTEXT(
'core data for automotive mechanical design processes');
ENDSEC;
END-ISO-10303-21;
